,swim,bike,run,finish,Gender,Year,Avg Temp,Hi Temp,Humidity,Wind Speed,West,South,extreme_heat,Continent
0,51.717,277.317,165.0,497.75,2,2008,80.64699999999998,84,56.647,8.118,7.5,3.1069999999999998,0,Au
1,69.367,322.683,212.333,609.633,1,2008,80.64699999999998,84,56.647,8.118,7.5,3.1069999999999998,0,NoA
2,51.717,273.4,190.017,519.533,2,2008,80.64699999999998,84,56.647,8.118,7.5,3.1069999999999998,0,Eu
3,51.75,296.883,176.017,528.967,2,2008,80.64699999999998,84,56.647,8.118,7.5,3.1069999999999998,0,Eu
4,59.05,294.45,193.567,552.35,2,2008,80.64699999999998,84,56.647,8.118,7.5,3.1069999999999998,0,Eu
5,51.683,291.95,182.017,529.633,2,2008,80.64699999999998,84,56.647,8.118,7.5,3.1069999999999998,0,Eu
6,56.233000000000004,282.2,188.15,532.867,2,2008,80.64699999999998,84,56.647,8.118,7.5,3.1069999999999998,0,NoA
7,56.317,323.683,246.167,635.2,2,2008,80.64699999999998,84,56.647,8.118,7.5,3.1069999999999998,0,NoA
8,54.733000000000004,274.733,167.817,501.38300000000004,2,2008,80.64699999999998,84,56.647,8.118,7.5,3.1069999999999998,0,Eu
9,58.833,322.267,183.8,569.25,1,2008,80.64699999999998,84,56.647,8.118,7.5,3.1069999999999998,0,Eu
10,60.617,362.0,235.05,667.8,1,2008,80.64699999999998,84,56.647,8.118,7.5,3.1069999999999998,0,NoA
11,69.9,327.067,210.183,612.0,1,2008,80.64699999999998,84,56.647,8.118,7.5,3.1069999999999998,0,Eu
12,54.583,343.43300000000005,230.13299999999998,635.1669999999999,1,2008,80.64699999999998,84,56.647,8.118,7.5,3.1069999999999998,0,NoA
13,59.033,339.267,225.25,629.633,1,2008,80.64699999999998,84,56.647,8.118,7.5,3.1069999999999998,0,Eu
14,51.933,292.2,215.933,565.9,2,2008,80.64699999999998,84,56.647,8.118,7.5,3.1069999999999998,0,NoA
15,52.417,275.41700000000003,171.15,503.06699999999995,2,2008,80.64699999999998,84,56.647,8.118,7.5,3.1069999999999998,0,Eu
16,59.233000000000004,284.1,182.217,530.133,2,2008,80.64699999999998,84,56.647,8.118,7.5,3.1069999999999998,0,Eu
17,51.833,276.767,173.65,506.283,2,2008,80.64699999999998,84,56.647,8.118,7.5,3.1069999999999998,0,Au
18,68.05,345.88300000000004,205.1,626.217,1,2008,80.64699999999998,84,56.647,8.118,7.5,3.1069999999999998,0,Eu
19,59.033,321.75,188.5,574.133,1,2008,80.64699999999998,84,56.647,8.118,7.5,3.1069999999999998,0,Eu
20,70.733,329.483,274.467,683.55,1,2008,80.64699999999998,84,56.647,8.118,7.5,3.1069999999999998,0,NoA
21,60.583,314.55,189.25,568.85,1,2008,80.64699999999998,84,56.647,8.118,7.5,3.1069999999999998,0,NoA
22,54.75,326.483,191.3,576.883,1,2008,80.64699999999998,84,56.647,8.118,7.5,3.1069999999999998,0,Au
23,59.15,318.183,183.083,564.817,1,2008,80.64699999999998,84,56.647,8.118,7.5,3.1069999999999998,0,Eu
24,74.7,327.05,222.36700000000002,629.533,1,2008,80.64699999999998,84,56.647,8.118,7.5,3.1069999999999998,0,NoA
25,63.516999999999996,327.433,194.533,590.783,1,2008,80.64699999999998,84,56.647,8.118,7.5,3.1069999999999998,0,Eu
26,56.183,308.16700000000003,204.9,574.3330000000001,2,2008,80.64699999999998,84,56.647,8.118,7.5,3.1069999999999998,0,Eu
27,63.5,319.367,209.15,596.717,2,2008,80.64699999999998,84,56.647,8.118,7.5,3.1069999999999998,0,NoA
28,56.1,296.633,192.13299999999998,549.95,2,2008,80.64699999999998,84,56.647,8.118,7.5,3.1069999999999998,0,NoA
29,67.7,333.267,213.733,620.817,1,2008,80.64699999999998,84,56.647,8.118,7.5,3.1069999999999998,0,NoA
30,56.15,315.4,219.783,596.0169999999999,1,2008,80.64699999999998,84,56.647,8.118,7.5,3.1069999999999998,0,Au
31,59.217,292.25,219.817,575.8,2,2008,80.64699999999998,84,56.647,8.118,7.5,3.1069999999999998,0,NoA
32,54.867,320.867,199.283,579.883,1,2008,80.64699999999998,84,56.647,8.118,7.5,3.1069999999999998,0,NoA
33,59.067,342.45,198.95,606.1669999999999,1,2008,80.64699999999998,84,56.647,8.118,7.5,3.1069999999999998,0,NoA
34,69.267,338.2,213.5,633.95,2,2008,80.64699999999998,84,56.647,8.118,7.5,3.1069999999999998,0,NoA
35,69.217,365.81699999999995,241.233,684.033,1,2008,80.64699999999998,84,56.647,8.118,7.5,3.1069999999999998,0,Au
36,52.967,303.717,190.55,553.35,2,2008,80.64699999999998,84,56.647,8.118,7.5,3.1069999999999998,0,NoA
37,51.7,276.91700000000003,181.2,514.033,2,2008,80.64699999999998,84,56.647,8.118,7.5,3.1069999999999998,0,Eu
38,59.067,309.017,180.5,554.4830000000001,2,2008,80.64699999999998,84,56.647,8.118,7.5,3.1069999999999998,0,Eu
39,67.8,295.95,184.333,552.9,2,2008,80.64699999999998,84,56.647,8.118,7.5,3.1069999999999998,0,NoA
40,48.717,311.117,230.65,596.033,2,2008,80.64699999999998,84,56.647,8.118,7.5,3.1069999999999998,0,Au
41,59.167,266.233,196.45,526.717,2,2008,80.64699999999998,84,56.647,8.118,7.5,3.1069999999999998,0,Eu
42,56.217,309.817,170.767,541.1,2,2008,80.64699999999998,84,56.647,8.118,7.5,3.1069999999999998,0,A
43,56.317,326.65,208.45,596.0169999999999,1,2008,80.64699999999998,84,56.647,8.118,7.5,3.1069999999999998,0,Au
44,54.75,321.767,194.583,577.1,2,2008,80.64699999999998,84,56.647,8.118,7.5,3.1069999999999998,0,NoA
45,63.35,344.61699999999996,228.333,643.2669999999999,1,2008,80.64699999999998,84,56.647,8.118,7.5,3.1069999999999998,0,SA
46,59.117,335.31699999999995,211.267,611.883,1,2008,80.64699999999998,84,56.647,8.118,7.5,3.1069999999999998,0,Eu
47,63.383,343.0,223.88299999999998,635.15,1,2008,80.64699999999998,84,56.647,8.118,7.5,3.1069999999999998,0,Eu
48,59.083,276.383,218.6,559.4169999999999,2,2008,80.64699999999998,84,56.647,8.118,7.5,3.1069999999999998,0,NoA
49,59.0,316.733,205.167,585.55,1,2008,80.64699999999998,84,56.647,8.118,7.5,3.1069999999999998,0,Au
50,59.117,299.933,192.767,556.85,2,2008,80.64699999999998,84,56.647,8.118,7.5,3.1069999999999998,0,Eu
51,54.65,284.91700000000003,194.667,539.0830000000001,2,2008,80.64699999999998,84,56.647,8.118,7.5,3.1069999999999998,0,Eu
52,51.8,271.8,209.667,537.933,2,2008,80.64699999999998,84,56.647,8.118,7.5,3.1069999999999998,0,NoA
53,54.917,292.317,195.817,549.1,2,2008,80.64699999999998,84,56.647,8.118,7.5,3.1069999999999998,0,NoA
54,51.65,273.433,171.8,500.833,2,2008,80.64699999999998,84,56.647,8.118,7.5,3.1069999999999998,0,Eu
55,60.65,295.8,168.217,529.0169999999999,2,2008,80.64699999999998,84,56.647,8.118,7.5,3.1069999999999998,0,Eu
56,77.867,338.917,198.717,620.967,1,2008,80.64699999999998,84,56.647,8.118,7.5,3.1069999999999998,0,Eu
57,52.967,285.33299999999997,172.183,514.783,2,2008,80.64699999999998,84,56.647,8.118,7.5,3.1069999999999998,0,NoA
58,63.483000000000004,301.267,178.583,548.2,2,2008,80.64699999999998,84,56.647,8.118,7.5,3.1069999999999998,0,Eu
59,58.75,321.45,228.983,613.433,1,2008,80.64699999999998,84,56.647,8.118,7.5,3.1069999999999998,0,Au
60,56.4,298.41700000000003,213.017,575.8,2,2008,80.64699999999998,84,56.647,8.118,7.5,3.1069999999999998,0,NoA
61,59.117,331.63300000000004,189.533,587.2669999999999,2,2008,80.64699999999998,84,56.647,8.118,7.5,3.1069999999999998,0,Eu
62,51.7,287.65,184.0,528.8330000000001,2,2008,80.64699999999998,84,56.647,8.118,7.5,3.1069999999999998,0,NoA
63,58.8,324.15,218.583,606.8330000000001,2,2008,80.64699999999998,84,56.647,8.118,7.5,3.1069999999999998,0,A
64,56.25,320.217,203.25,584.9,1,2008,80.64699999999998,84,56.647,8.118,7.5,3.1069999999999998,0,Eu
65,56.5,295.733,179.167,536.15,2,2008,80.64699999999998,84,56.647,8.118,7.5,3.1069999999999998,0,Eu
66,63.35,300.117,182.233,550.367,2,2008,80.64699999999998,84,56.647,8.118,7.5,3.1069999999999998,0,NoA
67,51.6,292.05,194.55,542.283,2,2008,80.64699999999998,84,56.647,8.118,7.5,3.1069999999999998,0,Au
68,70.717,334.13300000000004,209.1,623.0169999999999,1,2008,80.64699999999998,84,56.647,8.118,7.5,3.1069999999999998,0,NoA
69,66.85,349.9,231.267,653.2669999999999,1,2008,80.64699999999998,84,56.647,8.118,7.5,3.1069999999999998,0,A
70,56.15,316.75,206.25,585.433,2,2008,80.64699999999998,84,56.647,8.118,7.5,3.1069999999999998,0,Eu
71,56.283,292.467,183.483,537.0,2,2008,80.64699999999998,84,56.647,8.118,7.5,3.1069999999999998,0,NoA
72,56.0,295.25,201.7,556.9,2,2008,80.64699999999998,84,56.647,8.118,7.5,3.1069999999999998,0,Eu
73,76.283,353.18300000000005,235.917,671.8,1,2008,80.64699999999998,84,56.647,8.118,7.5,3.1069999999999998,0,Au
74,56.033,302.517,170.967,534.317,2,2008,80.64699999999998,84,56.647,8.118,7.5,3.1069999999999998,0,Eu
75,63.233000000000004,326.517,186.217,581.25,1,2008,80.64699999999998,84,56.647,8.118,7.5,3.1069999999999998,0,Au
76,58.783,345.43300000000005,220.25,630.633,1,2008,80.64699999999998,84,56.647,8.118,7.5,3.1069999999999998,0,NoA
77,91.2,382.38300000000004,237.667,717.717,1,2008,80.64699999999998,84,56.647,8.118,7.5,3.1069999999999998,0,Eu
78,48.667,286.0,174.517,513.8330000000001,2,2008,80.64699999999998,84,56.647,8.118,7.5,3.1069999999999998,0,NoA
79,51.433,276.367,202.017,533.5830000000001,2,2008,80.64699999999998,84,56.647,8.118,7.5,3.1069999999999998,0,Au
80,71.017,334.06699999999995,198.38299999999998,608.433,1,2008,80.64699999999998,84,56.647,8.118,7.5,3.1069999999999998,0,NoA
81,60.617,299.1,181.38299999999998,545.5830000000001,2,2008,80.64699999999998,84,56.647,8.118,7.5,3.1069999999999998,0,NoA
82,68.783,301.15,170.8,545.25,2,2008,80.64699999999998,84,56.647,8.118,7.5,3.1069999999999998,0,Eu
83,59.283,317.91700000000003,169.283,552.033,2,2008,80.64699999999998,84,56.647,8.118,7.5,3.1069999999999998,0,NoA
84,48.667,334.15,286.317,675.367,2,2008,80.64699999999998,84,56.647,8.118,7.5,3.1069999999999998,0,Eu
85,54.933,274.41700000000003,168.317,501.767,2,2008,80.64699999999998,84,56.647,8.118,7.5,3.1069999999999998,0,Eu
86,54.883,289.767,261.567,610.617,2,2008,80.64699999999998,84,56.647,8.118,7.5,3.1069999999999998,0,Eu
87,54.733000000000004,308.55,193.15,561.717,2,2008,80.64699999999998,84,56.647,8.118,7.5,3.1069999999999998,0,Eu
88,74.567,322.383,195.35,597.067,1,2008,80.64699999999998,84,56.647,8.118,7.5,3.1069999999999998,0,A
89,51.817,267.66700000000003,230.683,554.717,2,2008,80.64699999999998,84,56.647,8.118,7.5,3.1069999999999998,0,Eu
90,59.016999999999996,336.95,181.983,583.45,1,2008,80.64699999999998,84,56.647,8.118,7.5,3.1069999999999998,0,NoA
91,58.85,340.033,197.05,602.85,2,2008,80.64699999999998,84,56.647,8.118,7.5,3.1069999999999998,0,NoA
92,63.65,320.617,191.317,581.317,2,2008,80.64699999999998,84,56.647,8.118,7.5,3.1069999999999998,0,Eu
93,54.25,269.933,195.533,524.067,2,2008,80.64699999999998,84,56.647,8.118,7.5,3.1069999999999998,0,Eu
94,63.6,350.5,231.783,652.433,1,2008,80.64699999999998,84,56.647,8.118,7.5,3.1069999999999998,0,Eu
95,70.933,319.08299999999997,229.11700000000002,624.183,1,2008,80.64699999999998,84,56.647,8.118,7.5,3.1069999999999998,0,NoA
96,63.467,293.533,182.25,544.5169999999999,2,2008,80.64699999999998,84,56.647,8.118,7.5,3.1069999999999998,0,Eu
97,54.783,274.433,183.317,516.883,2,2008,80.64699999999998,84,56.647,8.118,7.5,3.1069999999999998,0,SA
98,60.733000000000004,314.08299999999997,179.4,559.133,2,2008,80.64699999999998,84,56.647,8.118,7.5,3.1069999999999998,0,A
99,54.8,301.08299999999997,207.55,568.133,2,2008,80.64699999999998,84,56.647,8.118,7.5,3.1069999999999998,0,Eu
100,51.783,312.25,223.983,593.717,2,2008,80.64699999999998,84,56.647,8.118,7.5,3.1069999999999998,0,NoA
101,54.667,275.0,193.8,528.617,2,2008,80.64699999999998,84,56.647,8.118,7.5,3.1069999999999998,0,Eu
102,58.85,296.617,184.533,544.7,2,2008,80.64699999999998,84,56.647,8.118,7.5,3.1069999999999998,0,Eu
103,66.817,305.567,184.433,561.3330000000001,1,2008,80.64699999999998,84,56.647,8.118,7.5,3.1069999999999998,0,Eu
104,54.683,286.317,188.36700000000002,533.2330000000001,2,2008,80.64699999999998,84,56.647,8.118,7.5,3.1069999999999998,0,Eu
105,51.967,282.817,171.667,510.38300000000004,2,2008,80.64699999999998,84,56.647,8.118,7.5,3.1069999999999998,0,Au
106,56.3,290.133,192.85,545.783,2,2008,80.64699999999998,84,56.647,8.118,7.5,3.1069999999999998,0,Eu
107,63.35,314.933,178.583,562.867,1,2008,80.64699999999998,84,56.647,8.118,7.5,3.1069999999999998,0,Eu
108,63.533,322.05,200.333,594.133,1,2008,80.64699999999998,84,56.647,8.118,7.5,3.1069999999999998,0,A
109,56.333,308.25,177.733,546.383,1,2008,80.64699999999998,84,56.647,8.118,7.5,3.1069999999999998,0,Eu
1609,52.783,296.633,204.983,558.567,2,2009,83.556,87,63.0,8.389,7.75,3.21,2,Eu
1610,50.95,277.55,168.083,500.35,2,2009,83.556,87,63.0,8.389,7.75,3.21,2,Au
1611,69.6,324.883,218.667,619.5169999999999,1,2009,83.556,87,63.0,8.389,7.75,3.21,2,NoA
1612,51.067,289.683,178.467,528.883,2,2009,83.556,87,63.0,8.389,7.75,3.21,2,Eu
1613,50.883,273.66700000000003,183.167,511.733,2,2009,83.556,87,63.0,8.389,7.75,3.21,2,Eu
1614,57.35,278.483,203.61700000000002,544.5830000000001,2,2009,83.556,87,63.0,8.389,7.75,3.21,2,Au
1615,63.05,351.5,271.767,691.4169999999999,1,2009,83.556,87,63.0,8.389,7.75,3.21,2,Eu
1616,50.967,308.2,196.917,559.933,2,2009,83.556,87,63.0,8.389,7.75,3.21,2,Eu
1617,58.867,301.683,190.717,555.467,1,2009,83.556,87,63.0,8.389,7.75,3.21,2,Eu
1618,55.633,286.717,207.8,554.117,2,2009,83.556,87,63.0,8.389,7.75,3.21,2,Eu
1619,50.833,277.467,177.683,509.917,2,2009,83.556,87,63.0,8.389,7.75,3.21,2,Eu
1620,50.917,277.41700000000003,182.767,514.75,2,2009,83.556,87,63.0,8.389,7.75,3.21,2,Au
1621,54.5,273.817,176.45,508.86699999999996,2,2009,83.556,87,63.0,8.389,7.75,3.21,2,Eu
1622,59.933,289.233,184.15,537.65,2,2009,83.556,87,63.0,8.389,7.75,3.21,2,Eu
1623,59.917,299.9,209.583,575.25,2,2009,83.556,87,63.0,8.389,7.75,3.21,2,Eu
1624,52.833,284.85,192.11700000000002,533.683,2,2009,83.556,87,63.0,8.389,7.75,3.21,2,Au
1625,58.75,314.283,176.85,553.9830000000001,1,2009,83.556,87,63.0,8.389,7.75,3.21,2,Au
1626,53.45,319.017,225.667,602.4,1,2009,83.556,87,63.0,8.389,7.75,3.21,2,Eu
1627,55.1,294.2,181.017,535.183,2,2009,83.556,87,63.0,8.389,7.75,3.21,2,Eu
1628,51.05,276.45,201.63299999999998,533.2330000000001,2,2009,83.556,87,63.0,8.389,7.75,3.21,2,SA
1629,68.6,327.88300000000004,222.517,623.317,1,2009,83.556,87,63.0,8.389,7.75,3.21,2,NoA
1630,63.083,319.2,197.61700000000002,584.45,1,2009,83.556,87,63.0,8.389,7.75,3.21,2,NoA
1631,63.2,323.017,217.417,608.4169999999999,1,2009,83.556,87,63.0,8.389,7.75,3.21,2,Eu
1632,57.333,302.16700000000003,200.217,565.0830000000001,2,2009,83.556,87,63.0,8.389,7.75,3.21,2,Af
1633,62.917,308.717,211.067,587.0,1,2009,83.556,87,63.0,8.389,7.75,3.21,2,Eu
1634,65.0,338.767,196.217,604.75,1,2009,83.556,87,63.0,8.389,7.75,3.21,2,Eu
1635,75.483,325.017,193.217,599.5,2,2009,83.556,87,63.0,8.389,7.75,3.21,2,NoA
1636,56.417,283.567,209.217,553.95,2,2009,83.556,87,63.0,8.389,7.75,3.21,2,Eu
1637,47.7,310.183,234.333,597.133,2,2009,83.556,87,63.0,8.389,7.75,3.21,2,NoA
1638,57.4,312.817,223.45,599.217,2,2009,83.556,87,63.0,8.389,7.75,3.21,2,SA
1639,62.883,296.017,196.36700000000002,560.183,2,2009,83.556,87,63.0,8.389,7.75,3.21,2,Eu
1640,59.917,324.367,214.283,604.967,1,2009,83.556,87,63.0,8.389,7.75,3.21,2,NoA
1641,50.1,284.41700000000003,217.583,556.033,2,2009,83.556,87,63.0,8.389,7.75,3.21,2,Eu
1642,55.083,310.35,210.86700000000002,580.9830000000001,1,2009,83.556,87,63.0,8.389,7.75,3.21,2,NoA
1643,54.483000000000004,306.66700000000003,208.583,574.4169999999999,2,2009,83.556,87,63.0,8.389,7.75,3.21,2,Eu
1644,50.9,277.517,184.783,517.4830000000001,2,2009,83.556,87,63.0,8.389,7.75,3.21,2,Eu
1645,76.033,297.633,217.0,596.383,2,2009,83.556,87,63.0,8.389,7.75,3.21,2,NoA
1646,51.1,277.117,175.55,508.283,2,2009,83.556,87,63.0,8.389,7.75,3.21,2,Eu
1647,55.95,308.58299999999997,187.6,557.317,2,2009,83.556,87,63.0,8.389,7.75,3.21,2,Eu
1648,54.483000000000004,283.517,227.217,569.9,2,2009,83.556,87,63.0,8.389,7.75,3.21,2,NoA
1649,57.117,311.817,497.667,870.883,2,2009,83.556,87,63.0,8.389,7.75,3.21,2,A
1650,72.783,319.033,205.033,604.283,1,2009,83.556,87,63.0,8.389,7.75,3.21,2,NoA
1651,50.05,278.683,177.217,510.25,2,2009,83.556,87,63.0,8.389,7.75,3.21,2,Au
1652,52.817,278.1,186.1,521.217,2,2009,83.556,87,63.0,8.389,7.75,3.21,2,Eu
1653,53.516999999999996,310.05,203.717,572.45,1,2009,83.556,87,63.0,8.389,7.75,3.21,2,Eu
1654,60.4,271.6,338.717,677.933,2,2009,83.556,87,63.0,8.389,7.75,3.21,2,Eu
1655,57.383,299.35,190.217,552.5,2,2009,83.556,87,63.0,8.389,7.75,3.21,2,Eu
1656,63.117,308.117,200.083,576.2330000000001,2,2009,83.556,87,63.0,8.389,7.75,3.21,2,Eu
1657,63.15,352.18300000000005,215.517,637.7330000000001,1,2009,83.556,87,63.0,8.389,7.75,3.21,2,SA
1658,58.783,279.183,221.667,563.617,2,2009,83.556,87,63.0,8.389,7.75,3.21,2,Eu
1659,60.15,338.95,215.983,620.2669999999999,1,2009,83.556,87,63.0,8.389,7.75,3.21,2,Eu
1660,55.883,317.483,206.933,586.5,2,2009,83.556,87,63.0,8.389,7.75,3.21,2,Eu
1661,51.016999999999996,312.733,212.4,582.2669999999999,2,2009,83.556,87,63.0,8.389,7.75,3.21,2,NoA
1662,57.266999999999996,319.15,193.567,574.75,1,2009,83.556,87,63.0,8.389,7.75,3.21,2,Au
1663,64.983,323.317,211.033,605.35,1,2009,83.556,87,63.0,8.389,7.75,3.21,2,Eu
1664,51.117,265.16700000000003,182.583,502.93300000000005,2,2009,83.556,87,63.0,8.389,7.75,3.21,2,NoA
1665,54.55,286.067,208.717,554.7669999999999,2,2009,83.556,87,63.0,8.389,7.75,3.21,2,NoA
1666,51.1,277.283,185.033,517.9169999999999,2,2009,83.556,87,63.0,8.389,7.75,3.21,2,Eu
1667,68.567,326.55,231.833,632.0,1,2009,83.556,87,63.0,8.389,7.75,3.21,2,NoA
1668,53.533,291.383,283.1,632.0,2,2009,83.556,87,63.0,8.389,7.75,3.21,2,NoA
1669,53.483000000000004,304.283,201.183,563.717,1,2009,83.556,87,63.0,8.389,7.75,3.21,2,Eu
1670,52.817,317.767,242.25,617.4830000000001,2,2009,83.556,87,63.0,8.389,7.75,3.21,2,Au
1671,58.766999999999996,324.533,214.4,601.867,1,2009,83.556,87,63.0,8.389,7.75,3.21,2,Au
1672,62.833,331.43300000000005,179.267,581.033,2,2009,83.556,87,63.0,8.389,7.75,3.21,2,Eu
1673,52.85,272.733,175.967,505.333,2,2009,83.556,87,63.0,8.389,7.75,3.21,2,Au
1674,58.783,316.267,191.433,570.467,1,2009,83.556,87,63.0,8.389,7.75,3.21,2,NoA
1675,50.85,277.483,186.317,518.633,2,2009,83.556,87,63.0,8.389,7.75,3.21,2,Au
1676,58.9,314.55,267.033,645.717,2,2009,83.556,87,63.0,8.389,7.75,3.21,2,NoA
1677,63.167,295.217,192.233,556.75,2,2009,83.556,87,63.0,8.389,7.75,3.21,2,Eu
1678,67.367,389.55,244.717,707.9169999999999,1,2009,83.556,87,63.0,8.389,7.75,3.21,2,A
1679,55.766999999999996,302.133,171.517,534.45,2,2009,83.556,87,63.0,8.389,7.75,3.21,2,SA
1680,59.8,295.66700000000003,178.36700000000002,538.5830000000001,2,2009,83.556,87,63.0,8.389,7.75,3.21,2,Eu
1681,57.383,317.85,215.75,596.067,1,2009,83.556,87,63.0,8.389,7.75,3.21,2,Eu
1682,57.4,333.417,204.817,601.55,2,2009,83.556,87,63.0,8.389,7.75,3.21,2,Eu
1683,68.5,336.15,201.983,622.5830000000001,2,2009,83.556,87,63.0,8.389,7.75,3.21,2,Eu
1684,58.867,299.183,187.817,551.117,2,2009,83.556,87,63.0,8.389,7.75,3.21,2,NoA
1685,59.766999999999996,324.33299999999997,206.6,595.8,1,2009,83.556,87,63.0,8.389,7.75,3.21,2,Eu
1686,51.2,328.56699999999995,288.15,675.5830000000001,2,2009,83.556,87,63.0,8.389,7.75,3.21,2,Eu
1687,50.95,320.4,186.7,563.217,2,2009,83.556,87,63.0,8.389,7.75,3.21,2,A
1688,54.417,353.86699999999996,219.067,631.95,1,2009,83.556,87,63.0,8.389,7.75,3.21,2,A
1689,65.033,293.85,205.65,569.4169999999999,2,2009,83.556,87,63.0,8.389,7.75,3.21,2,A
1690,53.433,302.83299999999997,179.63299999999998,539.883,2,2009,83.556,87,63.0,8.389,7.75,3.21,2,Eu
1691,63.067,339.3,202.1,609.75,1,2009,83.556,87,63.0,8.389,7.75,3.21,2,Au
1692,47.75,286.1,172.233,510.5,2,2009,83.556,87,63.0,8.389,7.75,3.21,2,NoA
1693,59.9,312.5,205.11700000000002,582.717,2,2009,83.556,87,63.0,8.389,7.75,3.21,2,Eu
1694,51.0,278.0,171.067,504.533,2,2009,83.556,87,63.0,8.389,7.75,3.21,2,Eu
1695,51.1,297.617,184.86700000000002,538.1,2,2009,83.556,87,63.0,8.389,7.75,3.21,2,Eu
1696,66.9,304.283,192.783,568.75,2,2009,83.556,87,63.0,8.389,7.75,3.21,2,Eu
1697,58.933,316.7,180.167,561.1,2,2009,83.556,87,63.0,8.389,7.75,3.21,2,NoA
1698,53.55,283.633,187.667,529.25,2,2009,83.556,87,63.0,8.389,7.75,3.21,2,Eu
1699,72.883,322.8,199.983,601.217,1,2009,83.556,87,63.0,8.389,7.75,3.21,2,A
1700,58.833,332.85,194.683,591.9830000000001,1,2009,83.556,87,63.0,8.389,7.75,3.21,2,NoA
1701,59.983000000000004,352.68300000000005,198.6,617.0,1,2009,83.556,87,63.0,8.389,7.75,3.21,2,Eu
1702,68.517,306.33299999999997,202.983,582.683,1,2009,83.556,87,63.0,8.389,7.75,3.21,2,NoA
1703,55.7,282.08299999999997,186.85,529.367,2,2009,83.556,87,63.0,8.389,7.75,3.21,2,SA
1704,72.1,314.567,197.9,590.217,1,2009,83.556,87,63.0,8.389,7.75,3.21,2,Eu
1705,52.817,327.35,188.4,575.117,2,2009,83.556,87,63.0,8.389,7.75,3.21,2,A
1706,63.233000000000004,315.05,186.1,569.683,2,2009,83.556,87,63.0,8.389,7.75,3.21,2,A
1707,52.867,292.617,196.1,546.3330000000001,2,2009,83.556,87,63.0,8.389,7.75,3.21,2,NoA
1708,60.183,321.367,252.583,642.0169999999999,2,2009,83.556,87,63.0,8.389,7.75,3.21,2,NoA
1709,52.9,268.567,189.45,515.1669999999999,2,2009,83.556,87,63.0,8.389,7.75,3.21,2,Eu
1710,59.883,295.533,202.333,563.05,2,2009,83.556,87,63.0,8.389,7.75,3.21,2,Eu
1711,50.983000000000004,277.58299999999997,215.8,549.633,2,2009,83.556,87,63.0,8.389,7.75,3.21,2,Eu
1712,50.933,289.817,209.75,554.9830000000001,2,2009,83.556,87,63.0,8.389,7.75,3.21,2,Eu
1713,52.833,296.5,178.2,531.5830000000001,2,2009,83.556,87,63.0,8.389,7.75,3.21,2,Eu
1714,54.533,284.133,197.86700000000002,541.5,2,2009,83.556,87,63.0,8.389,7.75,3.21,2,Eu
1715,63.117,320.7,189.4,578.467,1,2009,83.556,87,63.0,8.389,7.75,3.21,2,Eu
1716,59.967,296.017,203.6,565.55,2,2009,83.556,87,63.0,8.389,7.75,3.21,2,Eu
1717,59.817,344.333,212.0,620.7669999999999,1,2009,83.556,87,63.0,8.389,7.75,3.21,2,Au
1718,55.783,324.1,213.05,597.817,1,2009,83.556,87,63.0,8.389,7.75,3.21,2,NoA
1719,63.083,270.067,198.167,535.9,2,2009,83.556,87,63.0,8.389,7.75,3.21,2,Eu
1720,54.516999999999996,292.1,183.083,534.033,1,2009,83.556,87,63.0,8.389,7.75,3.21,2,Eu
1721,55.783,298.08299999999997,189.717,547.9830000000001,2,2009,83.556,87,63.0,8.389,7.75,3.21,2,Au
1722,63.0,329.467,212.933,610.9,1,2009,83.556,87,63.0,8.389,7.75,3.21,2,Eu
1723,50.967,324.35,225.1,604.7,1,2009,83.556,87,63.0,8.389,7.75,3.21,2,Eu
3232,54.633,260.767,174.6,494.3,2,2014,82.5,86,62.389,8.5,3.253,7.853,1,Eu
3233,51.333,272.33299999999997,171.417,499.38300000000004,2,2014,82.5,86,62.389,8.5,3.253,7.853,1,NoA
3234,50.933,277.317,167.767,500.533,2,2014,82.5,86,62.389,8.5,3.253,7.853,1,Eu
3235,50.933,276.933,168.3,501.63300000000004,2,2014,82.5,86,62.389,8.5,3.253,7.853,1,NoA
3236,54.533,271.3,171.917,502.31699999999995,2,2014,82.5,86,62.389,8.5,3.253,7.853,1,Eu
3237,51.233000000000004,274.183,172.75,502.483,2,2014,82.5,86,62.389,8.5,3.253,7.853,1,Eu
3238,51.35,276.75,170.88299999999998,503.43300000000005,2,2014,82.5,86,62.389,8.5,3.253,7.853,1,Au
3239,51.05,272.283,176.35,504.18300000000005,2,2014,82.5,86,62.389,8.5,3.253,7.853,1,Eu
3240,55.717,277.783,170.2,508.467,2,2014,82.5,86,62.389,8.5,3.253,7.853,1,Eu
3241,51.133,274.383,179.967,510.25,2,2014,82.5,86,62.389,8.5,3.253,7.853,1,Eu
3242,54.633,264.05,187.333,511.1,2,2014,82.5,86,62.389,8.5,3.253,7.853,1,Eu
3243,55.65,278.15,174.9,513.5830000000001,2,2014,82.5,86,62.389,8.5,3.253,7.853,1,Eu
3244,51.833,281.65,178.967,516.4169999999999,2,2014,82.5,86,62.389,8.5,3.253,7.853,1,Au
3245,51.133,278.717,183.15,517.283,2,2014,82.5,86,62.389,8.5,3.253,7.853,1,Au
3246,54.6,276.733,182.2,518.2,2,2014,82.5,86,62.389,8.5,3.253,7.853,1,Au
3247,60.867,273.91700000000003,178.583,518.45,2,2014,82.5,86,62.389,8.5,3.253,7.853,1,Eu
3248,51.933,298.16700000000003,164.63299999999998,518.9830000000001,2,2014,82.5,86,62.389,8.5,3.253,7.853,1,Eu
3249,51.817,290.45,173.1,519.7669999999999,2,2014,82.5,86,62.389,8.5,3.253,7.853,1,Eu
3250,51.016999999999996,279.3,185.3,520.033,2,2014,82.5,86,62.389,8.5,3.253,7.853,1,Eu
3251,61.867,276.717,177.9,520.7,2,2014,82.5,86,62.389,8.5,3.253,7.853,1,Eu
3252,51.417,278.35,190.11700000000002,524.75,2,2014,82.5,86,62.389,8.5,3.253,7.853,1,Au
3253,54.6,293.033,176.2,528.45,2,2014,82.5,86,62.389,8.5,3.253,7.853,1,Eu
3254,60.867,279.283,184.1,529.05,2,2014,82.5,86,62.389,8.5,3.253,7.853,1,NoA
3255,54.55,284.633,186.017,530.467,2,2014,82.5,86,62.389,8.5,3.253,7.853,1,Af
3256,51.0,281.433,195.783,532.617,2,2014,82.5,86,62.389,8.5,3.253,7.853,1,SA
3257,57.533,290.41700000000003,181.967,534.0169999999999,2,2014,82.5,86,62.389,8.5,3.253,7.853,1,NoA
3258,52.067,291.91700000000003,185.75,535.25,2,2014,82.5,86,62.389,8.5,3.253,7.853,1,Au
3259,62.467,299.5,170.63299999999998,537.933,2,2014,82.5,86,62.389,8.5,3.253,7.853,1,Eu
3260,51.317,298.95,185.6,540.0,2,2014,82.5,86,62.389,8.5,3.253,7.853,1,Eu
3261,60.233000000000004,305.8,170.433,540.9169999999999,1,2014,82.5,86,62.389,8.5,3.253,7.853,1,Au
3262,56.917,294.55,187.0,542.95,1,2014,82.5,86,62.389,8.5,3.253,7.853,1,Eu
3263,52.25,290.483,195.717,542.967,2,2014,82.5,86,62.389,8.5,3.253,7.853,1,Au
3264,56.783,296.817,186.45,544.383,1,2014,82.5,86,62.389,8.5,3.253,7.853,1,Eu
3265,54.467,302.767,188.75,550.317,1,2014,82.5,86,62.389,8.5,3.253,7.853,1,Eu
3266,51.1,299.0,196.13299999999998,550.95,2,2014,82.5,86,62.389,8.5,3.253,7.853,1,Eu
3267,56.883,302.05,188.717,552.717,1,2014,82.5,86,62.389,8.5,3.253,7.853,1,Eu
3268,60.283,306.217,184.65,556.967,1,2014,82.5,86,62.389,8.5,3.253,7.853,1,Eu
3269,60.317,310.25,183.4,558.183,1,2014,82.5,86,62.389,8.5,3.253,7.853,1,NoA
3270,55.067,317.5,181.817,559.35,1,2014,82.5,86,62.389,8.5,3.253,7.853,1,Au
3271,54.933,300.067,201.4,560.7669999999999,1,2014,82.5,86,62.389,8.5,3.253,7.853,1,NoA
3272,54.983000000000004,313.5,190.267,563.567,1,2014,82.5,86,62.389,8.5,3.253,7.853,1,Au
3273,66.433,311.75,182.783,565.067,1,2014,82.5,86,62.389,8.5,3.253,7.853,1,Eu
3274,51.067,277.033,232.5,565.217,2,2014,82.5,86,62.389,8.5,3.253,7.853,1,NoA
3275,66.317,315.35,178.967,565.633,1,2014,82.5,86,62.389,8.5,3.253,7.853,1,NoA
3276,56.766999999999996,316.1,194.717,572.55,1,2014,82.5,86,62.389,8.5,3.253,7.853,1,Eu
3277,56.817,312.2,200.4,574.2330000000001,1,2014,82.5,86,62.389,8.5,3.253,7.853,1,Eu
3278,60.183,303.717,205.15,574.3,1,2014,82.5,86,62.389,8.5,3.253,7.853,1,NoA
3279,57.35,316.7,196.017,574.617,1,2014,82.5,86,62.389,8.5,3.253,7.853,1,NoA
3280,66.717,311.7,193.55,576.367,1,2014,82.5,86,62.389,8.5,3.253,7.853,1,Eu
3281,55.817,314.183,201.433,576.383,1,2014,82.5,86,62.389,8.5,3.253,7.853,1,Eu
3282,51.383,302.05,219.033,577.7330000000001,2,2014,82.5,86,62.389,8.5,3.253,7.853,1,Eu
3283,60.15,333.833,183.05,581.3,1,2014,82.5,86,62.389,8.5,3.253,7.853,1,NoA
3284,76.283,319.15,182.8,584.85,1,2014,82.5,86,62.389,8.5,3.253,7.853,1,NoA
3285,60.367,317.9,202.067,585.683,1,2014,82.5,86,62.389,8.5,3.253,7.853,1,NoA
3286,60.2,325.7,196.9,588.2330000000001,1,2014,82.5,86,62.389,8.5,3.253,7.853,1,NoA
3287,54.417,315.95,214.433,589.6669999999999,1,2014,82.5,86,62.389,8.5,3.253,7.853,1,NoA
3288,66.65,312.133,205.1,590.617,1,2014,82.5,86,62.389,8.5,3.253,7.853,1,Eu
3289,75.383,324.83299999999997,187.65,592.033,1,2014,82.5,86,62.389,8.5,3.253,7.853,1,Eu
3290,80.517,309.367,199.05,594.067,1,2014,82.5,86,62.389,8.5,3.253,7.853,1,Au
3291,55.516999999999996,264.983,271.033,595.317,2,2014,82.5,86,62.389,8.5,3.253,7.853,1,Eu
3292,66.267,325.1,203.017,599.817,1,2014,82.5,86,62.389,8.5,3.253,7.853,1,NoA
3293,55.6,317.65,231.11700000000002,610.9830000000001,2,2014,82.5,86,62.389,8.5,3.253,7.853,1,NoA
3294,66.4,325.433,219.75,616.5169999999999,1,2014,82.5,86,62.389,8.5,3.253,7.853,1,Eu
3295,60.25,333.68300000000005,220.8,620.9,1,2014,82.5,86,62.389,8.5,3.253,7.853,1,NoA
3296,57.15,339.13300000000004,239.467,642.9169999999999,1,2014,82.5,86,62.389,8.5,3.253,7.853,1,Eu
3297,51.45,276.7,316.733,649.15,2,2014,82.5,86,62.389,8.5,3.253,7.853,1,Eu
3298,71.633,332.283,269.633,679.3,1,2014,82.5,86,62.389,8.5,3.253,7.853,1,NoA
3299,66.6,317.91700000000003,302.733,692.2,1,2014,82.5,86,62.389,8.5,3.253,7.853,1,Eu
5187,51.033,265.58299999999997,171.3,492.483,2,2013,81.263,84,72.737,8.158,0.0,8.158,0,Eu
5188,51.283,262.41700000000003,177.333,495.31699999999995,2,2013,81.263,84,72.737,8.158,0.0,8.158,0,Au
5189,54.217,262.55,178.583,499.4,2,2013,81.263,84,72.737,8.158,0.0,8.158,0,Eu
5190,51.217,274.35,172.61700000000002,501.767,2,2013,81.263,84,72.737,8.158,0.0,8.158,0,Af
5191,51.067,275.617,171.11700000000002,502.417,2,2013,81.263,84,72.737,8.158,0.0,8.158,0,NoA
5192,51.1,280.567,167.9,503.717,2,2013,81.263,84,72.737,8.158,0.0,8.158,0,Eu
5193,51.4,270.16700000000003,178.36700000000002,504.15,2,2013,81.263,84,72.737,8.158,0.0,8.158,0,NoA
5194,57.433,279.767,164.05,505.63300000000004,2,2013,81.263,84,72.737,8.158,0.0,8.158,0,Eu
5195,51.35,274.767,176.11700000000002,506.533,2,2013,81.263,84,72.737,8.158,0.0,8.158,0,Eu
5196,51.317,269.933,185.767,511.217,2,2013,81.263,84,72.737,8.158,0.0,8.158,0,Eu
5197,51.467,274.733,181.817,512.067,2,2013,81.263,84,72.737,8.158,0.0,8.158,0,Eu
5198,54.217,278.25,176.783,513.2,2,2013,81.263,84,72.737,8.158,0.0,8.158,0,Eu
5199,51.033,275.267,184.183,514.9830000000001,2,2013,81.263,84,72.737,8.158,0.0,8.158,0,SA
5200,51.133,284.55,175.65,515.383,2,2013,81.263,84,72.737,8.158,0.0,8.158,0,Eu
5201,51.2,280.483,180.467,516.4169999999999,2,2013,81.263,84,72.737,8.158,0.0,8.158,0,NoA
5202,51.033,283.66700000000003,178.717,517.7330000000001,2,2013,81.263,84,72.737,8.158,0.0,8.158,0,Eu
5203,54.167,285.717,175.283,519.3330000000001,2,2013,81.263,84,72.737,8.158,0.0,8.158,0,Eu
5204,64.2,278.41700000000003,172.967,519.9830000000001,2,2013,81.263,84,72.737,8.158,0.0,8.158,0,NoA
5205,51.117,261.83299999999997,205.567,523.0,2,2013,81.263,84,72.737,8.158,0.0,8.158,0,NoA
5206,53.683,278.0,187.4,523.933,2,2013,81.263,84,72.737,8.158,0.0,8.158,0,NoA
5207,51.233000000000004,280.58299999999997,187.817,523.9830000000001,2,2013,81.263,84,72.737,8.158,0.0,8.158,0,Au
5208,50.85,280.9,188.517,525.183,2,2013,81.263,84,72.737,8.158,0.0,8.158,0,NoA
5209,53.067,293.483,176.917,527.75,2,2013,81.263,84,72.737,8.158,0.0,8.158,0,Eu
5210,51.1,288.567,185.45,529.55,2,2013,81.263,84,72.737,8.158,0.0,8.158,0,Eu
5211,58.833,298.33299999999997,170.63299999999998,532.2330000000001,1,2013,81.263,84,72.737,8.158,0.0,8.158,0,Au
5212,54.2,290.133,185.13299999999998,533.633,2,2013,81.263,84,72.737,8.158,0.0,8.158,0,Eu
5213,57.516999999999996,290.267,181.283,533.933,2,2013,81.263,84,72.737,8.158,0.0,8.158,0,Eu
5214,54.15,295.41700000000003,183.61700000000002,537.467,1,2013,81.263,84,72.737,8.158,0.0,8.158,0,Eu
5215,57.833,296.567,181.817,540.9830000000001,2,2013,81.263,84,72.737,8.158,0.0,8.158,0,Eu
5216,60.033,289.85,187.717,541.7,2,2013,81.263,84,72.737,8.158,0.0,8.158,0,Au
5217,51.55,293.683,191.983,541.8330000000001,2,2013,81.263,84,72.737,8.158,0.0,8.158,0,Eu
5218,64.133,287.91700000000003,183.3,541.867,2,2013,81.263,84,72.737,8.158,0.0,8.158,0,Eu
5219,54.117,297.66700000000003,183.38299999999998,543.5830000000001,1,2013,81.263,84,72.737,8.158,0.0,8.158,0,Eu
5220,61.95,294.633,183.417,544.567,1,2013,81.263,84,72.737,8.158,0.0,8.158,0,Eu
5221,51.283,280.383,210.667,546.65,2,2013,81.263,84,72.737,8.158,0.0,8.158,0,Au
5222,50.933,280.883,210.667,546.65,2,2013,81.263,84,72.737,8.158,0.0,8.158,0,Au
5223,54.167,297.83299999999997,191.917,549.15,1,2013,81.263,84,72.737,8.158,0.0,8.158,0,Eu
5224,58.783,308.08299999999997,178.88299999999998,550.2,1,2013,81.263,84,72.737,8.158,0.0,8.158,0,NoA
5225,54.1,295.217,196.583,550.317,1,2013,81.263,84,72.737,8.158,0.0,8.158,0,NoA
5226,54.2,295.883,196.517,551.217,1,2013,81.263,84,72.737,8.158,0.0,8.158,0,Eu
5227,51.217,298.717,199.65,554.3330000000001,2,2013,81.263,84,72.737,8.158,0.0,8.158,0,Eu
5228,53.717,285.817,210.017,554.5,2,2013,81.263,84,72.737,8.158,0.0,8.158,0,Eu
5229,54.233000000000004,304.283,191.3,554.783,1,2013,81.263,84,72.737,8.158,0.0,8.158,0,Au
5230,51.183,287.5,211.517,555.2669999999999,2,2013,81.263,84,72.737,8.158,0.0,8.158,0,Eu
5231,60.333,288.983,202.2,555.75,2,2013,81.263,84,72.737,8.158,0.0,8.158,0,NoA
5232,59.183,307.83299999999997,184.9,557.367,1,2013,81.263,84,72.737,8.158,0.0,8.158,0,NoA
5233,54.1,300.533,198.8,557.95,1,2013,81.263,84,72.737,8.158,0.0,8.158,0,NoA
5234,54.167,303.733,196.95,559.217,2,2013,81.263,84,72.737,8.158,0.0,8.158,0,NoA
5235,63.933,293.33299999999997,198.467,562.65,2,2013,81.263,84,72.737,8.158,0.0,8.158,0,Eu
5236,54.067,298.9,207.63299999999998,565.117,1,2013,81.263,84,72.737,8.158,0.0,8.158,0,Eu
5237,72.767,299.633,188.05,565.2669999999999,1,2013,81.263,84,72.737,8.158,0.0,8.158,0,NoA
5238,66.683,299.9,196.483,567.95,1,2013,81.263,84,72.737,8.158,0.0,8.158,0,Eu
5239,60.033,289.883,213.433,568.033,2,2013,81.263,84,72.737,8.158,0.0,8.158,0,NoA
5240,73.083,309.9,184.3,571.683,1,2013,81.263,84,72.737,8.158,0.0,8.158,0,Eu
5241,61.917,314.033,192.6,572.9,1,2013,81.263,84,72.737,8.158,0.0,8.158,0,NoA
5242,54.25,302.183,214.267,575.4830000000001,1,2013,81.263,84,72.737,8.158,0.0,8.158,0,NoA
5243,66.75,308.617,195.35,575.867,1,2013,81.263,84,72.737,8.158,0.0,8.158,0,Au
5244,58.933,312.1,200.983,576.633,1,2013,81.263,84,72.737,8.158,0.0,8.158,0,Eu
5245,66.6,308.883,196.86700000000002,577.4830000000001,1,2013,81.263,84,72.737,8.158,0.0,8.158,0,NoA
5246,66.183,309.83299999999997,199.05,579.7669999999999,1,2013,81.263,84,72.737,8.158,0.0,8.158,0,Au
5247,51.25,280.433,244.8,580.65,2,2013,81.263,84,72.737,8.158,0.0,8.158,0,Eu
5248,66.033,315.467,197.733,585.133,1,2013,81.263,84,72.737,8.158,0.0,8.158,0,NoA
5249,59.083,318.8,206.8,589.817,1,2013,81.263,84,72.737,8.158,0.0,8.158,0,NoA
5250,53.917,329.733,206.7,595.0,1,2013,81.263,84,72.737,8.158,0.0,8.158,0,NoA
5251,58.9,318.55,215.25,600.283,1,2013,81.263,84,72.737,8.158,0.0,8.158,0,Eu
5252,66.2,316.883,212.2,600.467,1,2013,81.263,84,72.737,8.158,0.0,8.158,0,Au
5253,73.133,312.117,211.75,602.3330000000001,1,2013,81.263,84,72.737,8.158,0.0,8.158,0,Eu
5254,53.717,290.883,297.633,647.5169999999999,2,2013,81.263,84,72.737,8.158,0.0,8.158,0,Eu
7125,51.467,275.25,168.083,498.61699999999996,2,2012,82.22200000000002,86,57.667,9.222,6.521,6.521,1,Au
7126,55.283,276.567,167.38299999999998,503.667,2,2012,82.22200000000002,86,57.667,9.222,6.521,6.521,1,Eu
7127,51.6,275.41700000000003,172.817,504.15,2,2012,82.22200000000002,86,57.667,9.222,6.521,6.521,1,Eu
7128,55.35,273.383,174.4,507.13300000000004,2,2012,82.22200000000002,86,57.667,9.222,6.521,6.521,1,Eu
7129,51.65,275.883,176.817,508.55,2,2012,82.22200000000002,86,57.667,9.222,6.521,6.521,1,A
7130,53.75,277.267,175.6,510.95,2,2012,82.22200000000002,86,57.667,9.222,6.521,6.521,1,Eu
7131,50.533,283.867,173.3,511.75,2,2012,82.22200000000002,86,57.667,9.222,6.521,6.521,1,NoA
7132,51.617,284.25,173.983,513.467,2,2012,82.22200000000002,86,57.667,9.222,6.521,6.521,1,NoA
7133,51.55,280.45,179.033,515.033,2,2012,82.22200000000002,86,57.667,9.222,6.521,6.521,1,Au
7134,52.5,274.283,185.783,516.35,2,2012,82.22200000000002,86,57.667,9.222,6.521,6.521,1,Eu
7135,60.25,285.183,167.167,517.5169999999999,2,2012,82.22200000000002,86,57.667,9.222,6.521,6.521,1,Eu
7136,51.583,284.733,180.483,520.817,2,2012,82.22200000000002,86,57.667,9.222,6.521,6.521,1,Au
7137,59.117,280.033,179.45,522.817,2,2012,82.22200000000002,86,57.667,9.222,6.521,6.521,1,NoA
7138,51.516999999999996,292.433,176.65,524.75,2,2012,82.22200000000002,86,57.667,9.222,6.521,6.521,1,Eu
7139,51.683,282.15,187.0,525.2,2,2012,82.22200000000002,86,57.667,9.222,6.521,6.521,1,Eu
7140,55.367,295.533,171.9,526.7330000000001,2,2012,82.22200000000002,86,57.667,9.222,6.521,6.521,1,Eu
7141,51.683,276.16700000000003,195.533,527.9,2,2012,82.22200000000002,86,57.667,9.222,6.521,6.521,1,Eu
7142,55.383,288.41700000000003,180.85,528.75,2,2012,82.22200000000002,86,57.667,9.222,6.521,6.521,1,Eu
7143,55.383,278.95,191.36700000000002,530.3,2,2012,82.22200000000002,86,57.667,9.222,6.521,6.521,1,Eu
7144,68.017,286.58299999999997,171.38299999999998,530.35,2,2012,82.22200000000002,86,57.667,9.222,6.521,6.521,1,NoA
7145,51.45,283.283,192.417,531.95,2,2012,82.22200000000002,86,57.667,9.222,6.521,6.521,1,Eu
7146,51.583,282.6,195.033,533.65,2,2012,82.22200000000002,86,57.667,9.222,6.521,6.521,1,Eu
7147,61.717,290.4,177.0,533.7,2,2012,82.22200000000002,86,57.667,9.222,6.521,6.521,1,Eu
7148,51.483000000000004,279.15,200.533,534.967,2,2012,82.22200000000002,86,57.667,9.222,6.521,6.521,1,Au
7149,55.367,291.983,183.217,536.067,2,2012,82.22200000000002,86,57.667,9.222,6.521,6.521,1,NoA
7150,55.233000000000004,294.483,182.38299999999998,536.1669999999999,2,2012,82.22200000000002,86,57.667,9.222,6.521,6.521,1,Eu
7151,61.533,294.317,176.13299999999998,536.683,2,2012,82.22200000000002,86,57.667,9.222,6.521,6.521,1,Eu
7152,61.683,282.95,190.267,539.633,2,2012,82.22200000000002,86,57.667,9.222,6.521,6.521,1,NoA
7153,67.967,296.133,176.15,546.783,2,2012,82.22200000000002,86,57.667,9.222,6.521,6.521,1,Eu
7154,56.05,312.1,183.217,555.9,1,2012,82.22200000000002,86,57.667,9.222,6.521,6.521,1,NoA
7155,57.617,306.817,188.13299999999998,556.967,1,2012,82.22200000000002,86,57.667,9.222,6.521,6.521,1,Eu
7156,55.266999999999996,296.867,202.567,559.383,2,2012,82.22200000000002,86,57.667,9.222,6.521,6.521,1,Eu
7157,60.1,312.3,185.067,561.683,1,2012,82.22200000000002,86,57.667,9.222,6.521,6.521,1,NoA
7158,50.783,314.883,190.933,562.033,2,2012,82.22200000000002,86,57.667,9.222,6.521,6.521,1,Eu
7159,51.617,314.683,191.333,562.033,2,2012,82.22200000000002,86,57.667,9.222,6.521,6.521,1,Eu
7160,51.65,295.683,210.667,562.5169999999999,2,2012,82.22200000000002,86,57.667,9.222,6.521,6.521,1,NoA
7161,70.6,307.95,179.433,562.75,1,2012,82.22200000000002,86,57.667,9.222,6.521,6.521,1,Eu
7162,56.1,308.1,190.5,562.95,1,2012,82.22200000000002,86,57.667,9.222,6.521,6.521,1,NoA
7163,66.35,306.117,189.3,566.4169999999999,1,2012,82.22200000000002,86,57.667,9.222,6.521,6.521,1,Eu
7164,61.633,307.133,191.917,566.7669999999999,2,2012,82.22200000000002,86,57.667,9.222,6.521,6.521,1,Eu
7165,55.983000000000004,321.5,186.267,568.9,1,2012,82.22200000000002,86,57.667,9.222,6.521,6.521,1,Au
7166,51.7,318.25,196.717,571.567,2,2012,82.22200000000002,86,57.667,9.222,6.521,6.521,1,Eu
7167,62.883,316.91700000000003,187.917,572.3,1,2012,82.22200000000002,86,57.667,9.222,6.521,6.521,1,NoA
7168,64.533,309.717,196.88299999999998,575.367,2,2012,82.22200000000002,86,57.667,9.222,6.521,6.521,1,Eu
7169,57.717,330.783,183.1,576.3,1,2012,82.22200000000002,86,57.667,9.222,6.521,6.521,1,NoA
7170,56.133,316.6,200.45,578.25,1,2012,82.22200000000002,86,57.667,9.222,6.521,6.521,1,NoA
7171,61.483000000000004,327.4,185.167,578.967,2,2012,82.22200000000002,86,57.667,9.222,6.521,6.521,1,Eu
7172,57.7,324.45,192.517,580.2669999999999,1,2012,82.22200000000002,86,57.667,9.222,6.521,6.521,1,Eu
7173,57.733000000000004,316.95,202.783,582.367,1,2012,82.22200000000002,86,57.667,9.222,6.521,6.521,1,Eu
7174,57.733000000000004,326.883,194.083,583.717,1,2012,82.22200000000002,86,57.667,9.222,6.521,6.521,1,Au
7175,60.067,316.967,202.467,584.067,1,2012,82.22200000000002,86,57.667,9.222,6.521,6.521,1,NoA
7176,60.05,299.15,221.183,585.117,2,2012,82.22200000000002,86,57.667,9.222,6.521,6.521,1,NoA
7177,57.65,340.05,185.017,586.85,1,2012,82.22200000000002,86,57.667,9.222,6.521,6.521,1,NoA
7178,66.3,319.41700000000003,198.717,588.633,1,2012,82.22200000000002,86,57.667,9.222,6.521,6.521,1,Eu
7179,76.717,323.767,186.6,591.2669999999999,1,2012,82.22200000000002,86,57.667,9.222,6.521,6.521,1,Eu
7180,55.15,327.117,204.833,591.9830000000001,1,2012,82.22200000000002,86,57.667,9.222,6.521,6.521,1,NoA
7181,66.417,320.733,201.017,592.967,1,2012,82.22200000000002,86,57.667,9.222,6.521,6.521,1,Eu
7182,57.667,329.11699999999996,201.63299999999998,593.4,1,2012,82.22200000000002,86,57.667,9.222,6.521,6.521,1,Eu
7183,60.15,321.45,208.683,595.183,1,2012,82.22200000000002,86,57.667,9.222,6.521,6.521,1,Au
7184,53.75,291.117,249.283,598.7330000000001,2,2012,82.22200000000002,86,57.667,9.222,6.521,6.521,1,NoA
7185,60.117,346.083,193.0,603.9,1,2012,82.22200000000002,86,57.667,9.222,6.521,6.521,1,NoA
7186,66.333,329.88300000000004,203.483,604.85,1,2012,82.22200000000002,86,57.667,9.222,6.521,6.521,1,NoA
7187,66.2,315.83299999999997,220.38299999999998,607.1,1,2012,82.22200000000002,86,57.667,9.222,6.521,6.521,1,Eu
7188,62.867,349.1,198.017,614.65,1,2012,82.22200000000002,86,57.667,9.222,6.521,6.521,1,Eu
7189,77.5,317.867,297.717,698.65,1,2012,82.22200000000002,86,57.667,9.222,6.521,6.521,1,NoA
8973,50.833,267.45,172.35,494.667,2,2015,85.167,89,65.444,8.111,0.0,8.111,4,Eu
8974,52.4,270.867,170.033,497.717,2,2015,85.167,89,65.444,8.111,0.0,8.111,4,Eu
8975,52.4,266.217,175.767,498.833,2,2015,85.167,89,65.444,8.111,0.0,8.111,4,NoA
8976,50.933,272.683,173.75,501.417,2,2015,85.167,89,65.444,8.111,0.0,8.111,4,NoA
8977,52.55,269.58299999999997,176.317,503.15,2,2015,85.167,89,65.444,8.111,0.0,8.111,4,NoA
8978,52.583,274.45,173.083,505.083,2,2015,85.167,89,65.444,8.111,0.0,8.111,4,Eu
8979,52.6,266.933,184.167,508.167,2,2015,85.167,89,65.444,8.111,0.0,8.111,4,Eu
8980,52.6,265.883,186.13299999999998,509.717,2,2015,85.167,89,65.444,8.111,0.0,8.111,4,Eu
8981,52.433,267.85,186.033,510.217,2,2015,85.167,89,65.444,8.111,0.0,8.111,4,NoA
8982,57.45,270.8,178.8,511.717,2,2015,85.167,89,65.444,8.111,0.0,8.111,4,Eu
8983,52.516999999999996,285.817,169.86700000000002,512.45,2,2015,85.167,89,65.444,8.111,0.0,8.111,4,Eu
8984,52.417,285.7,171.933,514.45,2,2015,85.167,89,65.444,8.111,0.0,8.111,4,Eu
8985,57.516999999999996,268.567,184.15,516.033,2,2015,85.167,89,65.444,8.111,0.0,8.111,4,Eu
8986,61.167,275.283,174.683,516.433,2,2015,85.167,89,65.444,8.111,0.0,8.111,4,NoA
8987,52.383,278.6,181.85,519.0830000000001,2,2015,85.167,89,65.444,8.111,0.0,8.111,4,Eu
8988,61.217,268.567,189.317,524.5,2,2015,85.167,89,65.444,8.111,0.0,8.111,4,Eu
8989,52.717,293.767,174.467,525.35,2,2015,85.167,89,65.444,8.111,0.0,8.111,4,Eu
8990,56.617,287.91700000000003,177.317,526.2330000000001,2,2015,85.167,89,65.444,8.111,0.0,8.111,4,Eu
8991,52.35,271.2,198.317,526.933,2,2015,85.167,89,65.444,8.111,0.0,8.111,4,Eu
8992,52.65,267.967,202.6,529.3330000000001,2,2015,85.167,89,65.444,8.111,0.0,8.111,4,Eu
8993,57.0,279.367,188.583,530.35,2,2015,85.167,89,65.444,8.111,0.0,8.111,4,NoA
8994,57.016999999999996,265.16700000000003,205.25,532.183,2,2015,85.167,89,65.444,8.111,0.0,8.111,4,Eu
8995,52.683,304.08299999999997,170.25,532.3,2,2015,85.167,89,65.444,8.111,0.0,8.111,4,NoA
8996,56.233000000000004,290.767,186.61700000000002,537.95,1,2015,85.167,89,65.444,8.111,0.0,8.111,4,Eu
8997,56.733000000000004,285.267,191.417,538.7669999999999,2,2015,85.167,89,65.444,8.111,0.0,8.111,4,Eu
8998,52.467,267.3,219.05,543.4169999999999,2,2015,85.167,89,65.444,8.111,0.0,8.111,4,Eu
8999,56.783,287.25,194.917,544.317,2,2015,85.167,89,65.444,8.111,0.0,8.111,4,SA
9000,52.483000000000004,268.85,219.55,545.367,2,2015,85.167,89,65.444,8.111,0.0,8.111,4,NoA
9001,56.183,301.483,188.7,550.9830000000001,1,2015,85.167,89,65.444,8.111,0.0,8.111,4,Eu
9002,56.917,292.283,199.5,553.967,2,2015,85.167,89,65.444,8.111,0.0,8.111,4,NoA
9003,56.217,307.41700000000003,186.417,554.867,1,2015,85.167,89,65.444,8.111,0.0,8.111,4,Au
9004,52.333,282.1,217.13299999999998,556.7330000000001,2,2015,85.167,89,65.444,8.111,0.0,8.111,4,Eu
9005,56.183,300.683,197.233,558.8330000000001,1,2015,85.167,89,65.444,8.111,0.0,8.111,4,Eu
9006,64.6,304.717,187.88299999999998,561.75,1,2015,85.167,89,65.444,8.111,0.0,8.111,4,NoA
9007,57.65,314.55,186.917,563.8330000000001,1,2015,85.167,89,65.444,8.111,0.0,8.111,4,Eu
9008,70.017,302.467,186.55,564.533,1,2015,85.167,89,65.444,8.111,0.0,8.111,4,NoA
9009,56.233000000000004,299.283,205.38299999999998,565.683,1,2015,85.167,89,65.444,8.111,0.0,8.111,4,Eu
9010,56.667,287.867,216.45,566.2669999999999,2,2015,85.167,89,65.444,8.111,0.0,8.111,4,Af
9011,57.117,304.617,200.55,567.2,2,2015,85.167,89,65.444,8.111,0.0,8.111,4,NoA
9012,56.266999999999996,310.883,195.45,567.9,1,2015,85.167,89,65.444,8.111,0.0,8.111,4,Eu
9013,53.583,290.05,219.933,567.9830000000001,2,2015,85.167,89,65.444,8.111,0.0,8.111,4,Eu
9014,65.133,302.66700000000003,195.85,568.6,1,2015,85.167,89,65.444,8.111,0.0,8.111,4,Eu
9015,65.3,304.617,196.083,570.717,1,2015,85.167,89,65.444,8.111,0.0,8.111,4,Eu
9016,56.133,304.0,207.833,572.717,1,2015,85.167,89,65.444,8.111,0.0,8.111,4,Au
9017,56.266999999999996,299.483,213.61700000000002,573.567,1,2015,85.167,89,65.444,8.111,0.0,8.111,4,NoA
9018,52.5,274.933,241.95,574.283,2,2015,85.167,89,65.444,8.111,0.0,8.111,4,SA
9019,60.067,316.2,194.1,575.117,1,2015,85.167,89,65.444,8.111,0.0,8.111,4,NoA
9020,65.3,311.75,196.817,579.2330000000001,1,2015,85.167,89,65.444,8.111,0.0,8.111,4,NoA
9021,52.35,283.717,237.45,580.7330000000001,2,2015,85.167,89,65.444,8.111,0.0,8.111,4,Eu
9022,65.367,322.633,190.3,583.4169999999999,1,2015,85.167,89,65.444,8.111,0.0,8.111,4,Eu
9023,65.333,318.117,198.85,587.5169999999999,1,2015,85.167,89,65.444,8.111,0.0,8.111,4,Au
9024,59.9,335.86699999999996,190.2,591.0169999999999,1,2015,85.167,89,65.444,8.111,0.0,8.111,4,NoA
9025,50.75,295.33299999999997,247.35,598.283,2,2015,85.167,89,65.444,8.111,0.0,8.111,4,Au
9026,52.5,275.567,265.15,598.3,2,2015,85.167,89,65.444,8.111,0.0,8.111,4,Au
9027,61.266999999999996,328.1,204.733,600.25,1,2015,85.167,89,65.444,8.111,0.0,8.111,4,NoA
9028,65.367,324.067,207.733,602.95,1,2015,85.167,89,65.444,8.111,0.0,8.111,4,Au
9029,65.2,299.25,235.86700000000002,605.0169999999999,1,2015,85.167,89,65.444,8.111,0.0,8.111,4,Eu
9030,61.067,293.367,245.417,607.033,2,2015,85.167,89,65.444,8.111,0.0,8.111,4,NoA
9031,52.433,312.95,236.55,607.133,2,2015,85.167,89,65.444,8.111,0.0,8.111,4,Eu
9032,56.65,311.133,236.567,609.817,1,2015,85.167,89,65.444,8.111,0.0,8.111,4,NoA
9033,76.867,319.4,219.95,622.95,1,2015,85.167,89,65.444,8.111,0.0,8.111,4,NoA
9034,57.7,336.983,231.5,633.817,1,2015,85.167,89,65.444,8.111,0.0,8.111,4,NoA
9035,65.2,315.317,316.017,701.883,1,2015,85.167,89,65.444,8.111,0.0,8.111,4,SA
9036,56.217,337.65,344.95,746.367,1,2015,85.167,89,65.444,8.111,0.0,8.111,4,NoA
11079,52.417,292.033,173.13299999999998,522.7,2,2010,76.167,83,68.944,7.444,5.263999999999999,5.263999999999999,0,Eu
11080,51.533,279.58299999999997,161.983,496.88300000000004,2,2010,76.167,83,68.944,7.444,5.263999999999999,5.263999999999999,0,Au
11081,51.417,272.66700000000003,175.467,504.06699999999995,2,2010,76.167,83,68.944,7.444,5.263999999999999,5.263999999999999,0,Eu
11082,57.867,282.35,187.083,532.1669999999999,2,2010,76.167,83,68.944,7.444,5.263999999999999,5.263999999999999,0,Eu
11083,55.883,288.05,196.4,545.65,2,2010,76.167,83,68.944,7.444,5.263999999999999,5.263999999999999,0,NoA
11084,55.967,284.7,211.45,557.317,2,2010,76.167,83,68.944,7.444,5.263999999999999,5.263999999999999,0,Eu
11085,51.7,280.08299999999997,228.533,564.567,2,2010,76.167,83,68.944,7.444,5.263999999999999,5.263999999999999,0,Au
11086,57.766999999999996,305.6,188.5,556.783,1,2010,76.167,83,68.944,7.444,5.263999999999999,5.263999999999999,0,Eu
11087,61.75,326.983,225.88299999999998,619.5169999999999,1,2010,76.167,83,68.944,7.444,5.263999999999999,5.263999999999999,0,Au
11088,73.117,302.5,186.8,567.033,1,2010,76.167,83,68.944,7.444,5.263999999999999,5.263999999999999,0,Eu
11089,55.75,341.083,245.05,647.85,1,2010,76.167,83,68.944,7.444,5.263999999999999,5.263999999999999,0,NoA
11090,51.2,275.783,172.017,502.983,2,2010,76.167,83,68.944,7.444,5.263999999999999,5.263999999999999,0,Eu
11091,51.617,272.58299999999997,235.717,564.567,2,2010,76.167,83,68.944,7.444,5.263999999999999,5.263999999999999,0,Eu
11092,51.516999999999996,280.33299999999997,182.45,518.383,2,2010,76.167,83,68.944,7.444,5.263999999999999,5.263999999999999,0,Au
11093,53.867,269.7,173.3,501.0,2,2010,76.167,83,68.944,7.444,5.263999999999999,5.263999999999999,0,Eu
11094,59.85,275.517,174.217,513.717,2,2010,76.167,83,68.944,7.444,5.263999999999999,5.263999999999999,0,Eu
11095,52.266999999999996,278.683,179.25,514.1669999999999,2,2010,76.167,83,68.944,7.444,5.263999999999999,5.263999999999999,0,Au
11096,67.367,295.633,245.85,614.2,2,2010,76.167,83,68.944,7.444,5.263999999999999,5.263999999999999,0,NoA
11097,52.283,290.41700000000003,179.317,526.2669999999999,2,2010,76.167,83,68.944,7.444,5.263999999999999,5.263999999999999,0,NoA
11098,55.883,304.983,173.533,538.6,1,2010,76.167,83,68.944,7.444,5.263999999999999,5.263999999999999,0,Au
11099,73.017,337.967,206.783,623.0830000000001,1,2010,76.167,83,68.944,7.444,5.263999999999999,5.263999999999999,0,Eu
11100,51.433,279.767,192.0,527.75,2,2010,76.167,83,68.944,7.444,5.263999999999999,5.263999999999999,0,Eu
11101,55.717,307.483,200.083,567.7,1,2010,76.167,83,68.944,7.444,5.263999999999999,5.263999999999999,0,Eu
11102,57.933,277.033,188.85,528.033,2,2010,76.167,83,68.944,7.444,5.263999999999999,5.263999999999999,0,Eu
11103,57.5,276.9,183.183,521.55,2,2010,76.167,83,68.944,7.444,5.263999999999999,5.263999999999999,0,Eu
11104,62.033,317.617,184.167,569.217,1,2010,76.167,83,68.944,7.444,5.263999999999999,5.263999999999999,0,NoA
11105,63.766999999999996,321.58299999999997,189.783,579.883,1,2010,76.167,83,68.944,7.444,5.263999999999999,5.263999999999999,0,Eu
11106,55.217,286.33299999999997,211.9,559.65,2,2010,76.167,83,68.944,7.444,5.263999999999999,5.263999999999999,0,NoA
11107,57.766999999999996,290.91700000000003,195.15,548.2,2,2010,76.167,83,68.944,7.444,5.263999999999999,5.263999999999999,0,NoA
11108,51.567,280.533,193.0,529.433,2,2010,76.167,83,68.944,7.444,5.263999999999999,5.263999999999999,0,NoA
11109,61.317,302.41700000000003,213.38299999999998,581.5169999999999,1,2010,76.167,83,68.944,7.444,5.263999999999999,5.263999999999999,0,Eu
11110,52.45,287.75,179.61700000000002,524.5,2,2010,76.167,83,68.944,7.444,5.263999999999999,5.263999999999999,0,Eu
11111,53.833,295.45,196.2,550.067,1,2010,76.167,83,68.944,7.444,5.263999999999999,5.263999999999999,0,Eu
11112,57.783,323.517,200.8,587.15,1,2010,76.167,83,68.944,7.444,5.263999999999999,5.263999999999999,0,Eu
11113,57.717,316.41700000000003,239.1,618.4830000000001,1,2010,76.167,83,68.944,7.444,5.263999999999999,5.263999999999999,0,Au
11114,61.683,340.38300000000004,207.317,614.817,1,2010,76.167,83,68.944,7.444,5.263999999999999,5.263999999999999,0,Eu
11115,55.867,306.867,271.95,640.2330000000001,1,2010,76.167,83,68.944,7.444,5.263999999999999,5.263999999999999,0,NoA
11116,57.75,283.283,222.11700000000002,568.467,2,2010,76.167,83,68.944,7.444,5.263999999999999,5.263999999999999,0,Eu
11117,51.5,279.85,185.667,521.3,2,2010,76.167,83,68.944,7.444,5.263999999999999,5.263999999999999,0,Eu
11118,52.3,286.567,200.11700000000002,543.4830000000001,2,2010,76.167,83,68.944,7.444,5.263999999999999,5.263999999999999,0,NoA
11119,51.25,287.067,161.083,503.43300000000005,2,2010,76.167,83,68.944,7.444,5.263999999999999,5.263999999999999,0,Au
11120,52.317,293.4,231.183,581.85,2,2010,76.167,83,68.944,7.444,5.263999999999999,5.263999999999999,0,Eu
11121,51.516999999999996,279.717,179.983,515.567,2,2010,76.167,83,68.944,7.444,5.263999999999999,5.263999999999999,0,Eu
11122,52.417,310.533,191.15,558.8,1,2010,76.167,83,68.944,7.444,5.263999999999999,5.263999999999999,0,Eu
11123,58.0,331.93300000000005,208.167,604.033,1,2010,76.167,83,68.944,7.444,5.263999999999999,5.263999999999999,0,NoA
11124,73.167,310.867,214.11700000000002,603.55,1,2010,76.167,83,68.944,7.444,5.263999999999999,5.263999999999999,0,Eu
11125,51.5,284.58299999999997,191.45,532.217,2,2010,76.167,83,68.944,7.444,5.263999999999999,5.263999999999999,0,Eu
11126,61.067,314.317,203.167,583.133,1,2010,76.167,83,68.944,7.444,5.263999999999999,5.263999999999999,0,Au
11127,63.2,316.1,209.667,593.383,1,2010,76.167,83,68.944,7.444,5.263999999999999,5.263999999999999,0,Au
11128,52.383,263.283,186.0,505.85,2,2010,76.167,83,68.944,7.444,5.263999999999999,5.263999999999999,0,NoA
11129,51.633,279.383,167.033,502.033,2,2010,76.167,83,68.944,7.444,5.263999999999999,5.263999999999999,0,Eu
11130,55.2,288.267,188.483,536.0169999999999,2,2010,76.167,83,68.944,7.444,5.263999999999999,5.263999999999999,0,NoA
11131,55.65,317.683,219.583,598.4169999999999,1,2010,76.167,83,68.944,7.444,5.263999999999999,5.263999999999999,0,Eu
11132,67.467,279.867,167.933,520.7669999999999,2,2010,76.167,83,68.944,7.444,5.263999999999999,5.263999999999999,0,Eu
11133,57.633,319.233,188.767,570.0,1,2010,76.167,83,68.944,7.444,5.263999999999999,5.263999999999999,0,Au
11134,60.766999999999996,320.783,225.8,612.533,1,2010,76.167,83,68.944,7.444,5.263999999999999,5.263999999999999,0,Au
11135,55.95,302.433,205.417,568.317,1,2010,76.167,83,68.944,7.444,5.263999999999999,5.263999999999999,0,NoA
11136,51.6,271.83299999999997,163.517,490.61699999999996,2,2010,76.167,83,68.944,7.444,5.263999999999999,5.263999999999999,0,Au
11137,57.883,284.5,185.25,532.067,2,2010,76.167,83,68.944,7.444,5.263999999999999,5.263999999999999,0,Au
11138,57.733000000000004,317.16700000000003,198.86700000000002,578.75,1,2010,76.167,83,68.944,7.444,5.263999999999999,5.263999999999999,0,NoA
11139,57.667,296.08299999999997,173.783,536.033,2,2010,76.167,83,68.944,7.444,5.263999999999999,5.263999999999999,0,SA
11140,61.817,332.833,217.55,618.4830000000001,1,2010,76.167,83,68.944,7.444,5.263999999999999,5.263999999999999,0,Eu
11141,51.583,311.33299999999997,184.483,551.717,2,2010,76.167,83,68.944,7.444,5.263999999999999,5.263999999999999,0,A
11142,52.6,281.283,183.85,522.183,2,2010,76.167,83,68.944,7.444,5.263999999999999,5.263999999999999,0,Au
11143,63.7,350.333,222.967,642.5169999999999,1,2010,76.167,83,68.944,7.444,5.263999999999999,5.263999999999999,0,SA
11144,57.717,291.1,193.38299999999998,546.717,2,2010,76.167,83,68.944,7.444,5.263999999999999,5.263999999999999,0,Eu
11145,61.8,331.667,219.733,619.3330000000001,1,2010,76.167,83,68.944,7.444,5.263999999999999,5.263999999999999,0,NoA
11146,48.8,282.33299999999997,183.05,518.717,2,2010,76.167,83,68.944,7.444,5.263999999999999,5.263999999999999,0,NoA
11147,61.85,340.88300000000004,207.967,615.9,1,2010,76.167,83,68.944,7.444,5.263999999999999,5.263999999999999,0,Eu
11148,51.45,272.433,164.417,492.283,2,2010,76.167,83,68.944,7.444,5.263999999999999,5.263999999999999,0,Eu
11149,59.917,296.133,188.717,549.1669999999999,2,2010,76.167,83,68.944,7.444,5.263999999999999,5.263999999999999,0,Eu
11150,56.016999999999996,289.733,179.733,529.9830000000001,2,2010,76.167,83,68.944,7.444,5.263999999999999,5.263999999999999,0,Eu
11151,56.0,275.317,177.333,512.85,2,2010,76.167,83,68.944,7.444,5.263999999999999,5.263999999999999,0,Eu
11152,73.05,320.633,230.167,628.95,1,2010,76.167,83,68.944,7.444,5.263999999999999,5.263999999999999,0,A
11153,65.433,331.1,215.5,619.2330000000001,1,2010,76.167,83,68.944,7.444,5.263999999999999,5.263999999999999,0,NoA
11154,57.833,327.66700000000003,176.067,566.7,1,2010,76.167,83,68.944,7.444,5.263999999999999,5.263999999999999,0,NoA
11155,55.1,268.967,201.083,529.433,2,2010,76.167,83,68.944,7.444,5.263999999999999,5.263999999999999,0,Eu
11156,55.95,299.367,185.783,546.0,1,2010,76.167,83,68.944,7.444,5.263999999999999,5.263999999999999,0,Eu
11157,67.3,308.017,201.233,581.183,1,2010,76.167,83,68.944,7.444,5.263999999999999,5.263999999999999,0,NoA
11158,55.717,284.7,183.317,528.117,2,2010,76.167,83,68.944,7.444,5.263999999999999,5.263999999999999,0,SA
11159,61.9,314.117,175.4,556.0,2,2010,76.167,83,68.944,7.444,5.263999999999999,5.263999999999999,0,A
11160,67.433,314.9,187.11700000000002,575.4169999999999,1,2010,76.167,83,68.944,7.444,5.263999999999999,5.263999999999999,0,Eu
11161,73.2,288.367,194.433,562.8,1,2010,76.167,83,68.944,7.444,5.263999999999999,5.263999999999999,0,Eu
11162,52.417,270.783,172.733,500.18300000000005,2,2010,76.167,83,68.944,7.444,5.263999999999999,5.263999999999999,0,Af
11163,51.6,281.05,196.233,534.0,2,2010,76.167,83,68.944,7.444,5.263999999999999,5.263999999999999,0,NoA
11164,52.367,266.0,184.61700000000002,507.033,2,2010,76.167,83,68.944,7.444,5.263999999999999,5.263999999999999,0,Eu
11165,61.2,286.66700000000003,183.733,536.433,2,2010,76.167,83,68.944,7.444,5.263999999999999,5.263999999999999,0,Eu
11166,51.567,279.383,176.45,511.717,2,2010,76.167,83,68.944,7.444,5.263999999999999,5.263999999999999,0,Eu
11167,61.967,299.683,197.65,563.55,1,2010,76.167,83,68.944,7.444,5.263999999999999,5.263999999999999,0,Eu
11168,51.55,271.0,166.75,493.233,2,2010,76.167,83,68.944,7.444,5.263999999999999,5.263999999999999,0,Eu
11169,55.317,285.33299999999997,170.783,515.7330000000001,2,2010,76.167,83,68.944,7.444,5.263999999999999,5.263999999999999,0,Au
11170,57.9,324.467,204.783,592.383,1,2010,76.167,83,68.944,7.444,5.263999999999999,5.263999999999999,0,NoA
11171,57.667,265.35,180.567,509.25,2,2010,76.167,83,68.944,7.444,5.263999999999999,5.263999999999999,0,Eu
11172,57.383,322.65,191.067,576.183,1,2010,76.167,83,68.944,7.444,5.263999999999999,5.263999999999999,0,NoA
11173,67.2,337.9,240.217,651.3330000000001,1,2010,76.167,83,68.944,7.444,5.263999999999999,5.263999999999999,0,Eu
12820,48.75,268.883,159.983,481.667,2,2017,82.611,87,68.222,8.0,3.0610000000000004,7.391,2,Eu
12821,53.683,254.317,171.88299999999998,484.11699999999996,2,2017,82.611,87,68.222,8.0,3.0610000000000004,7.391,2,NoA
12822,48.667,268.91700000000003,165.5,487.18300000000005,2,2017,82.611,87,68.222,8.0,3.0610000000000004,7.391,2,Eu
12823,53.733000000000004,254.95,177.183,489.983,2,2017,82.611,87,68.222,8.0,3.0610000000000004,7.391,2,Eu
12824,49.15,261.033,176.767,491.4,2,2017,82.611,87,68.222,8.0,3.0610000000000004,7.391,2,Af
12825,48.683,266.33299999999997,173.783,493.1,2,2017,82.611,87,68.222,8.0,3.0610000000000004,7.391,2,Au
12826,49.016999999999996,271.033,170.433,494.717,2,2017,82.611,87,68.222,8.0,3.0610000000000004,7.391,2,NoA
12827,48.567,269.033,175.85,498.35,2,2017,82.611,87,68.222,8.0,3.0610000000000004,7.391,2,Eu
12828,48.867,262.0,184.267,499.43300000000005,2,2017,82.611,87,68.222,8.0,3.0610000000000004,7.391,2,NoA
12829,53.8,263.983,180.7,502.4,2,2017,82.611,87,68.222,8.0,3.0610000000000004,7.391,2,Eu
12830,48.683,279.25,172.583,504.88300000000004,2,2017,82.611,87,68.222,8.0,3.0610000000000004,7.391,2,Eu
12831,56.317,272.567,172.95,506.467,2,2017,82.611,87,68.222,8.0,3.0610000000000004,7.391,2,Eu
12832,49.0,277.0,175.967,507.4,2,2017,82.611,87,68.222,8.0,3.0610000000000004,7.391,2,SA
12833,48.633,265.267,188.45,507.43300000000005,2,2017,82.611,87,68.222,8.0,3.0610000000000004,7.391,2,SA
12834,51.383,277.4,175.11700000000002,508.083,2,2017,82.611,87,68.222,8.0,3.0610000000000004,7.391,2,Au
12835,51.45,277.5,174.783,508.45,2,2017,82.611,87,68.222,8.0,3.0610000000000004,7.391,2,Eu
12836,53.817,252.9,199.467,510.483,2,2017,82.611,87,68.222,8.0,3.0610000000000004,7.391,2,Au
12837,51.5,279.0,178.833,513.3330000000001,2,2017,82.611,87,68.222,8.0,3.0610000000000004,7.391,2,Eu
12838,48.633,265.16700000000003,195.917,513.883,2,2017,82.611,87,68.222,8.0,3.0610000000000004,7.391,2,NoA
12839,53.733000000000004,280.233,176.717,515.4169999999999,2,2017,82.611,87,68.222,8.0,3.0610000000000004,7.391,2,Eu
12840,48.533,280.55,182.733,515.683,2,2017,82.611,87,68.222,8.0,3.0610000000000004,7.391,2,Eu
12841,50.233000000000004,278.55,185.8,518.8,2,2017,82.611,87,68.222,8.0,3.0610000000000004,7.391,2,Eu
12842,49.033,279.633,186.9,520.183,2,2017,82.611,87,68.222,8.0,3.0610000000000004,7.391,2,Au
12843,49.2,276.367,190.5,520.867,2,2017,82.611,87,68.222,8.0,3.0610000000000004,7.391,2,Eu
12844,48.5,276.25,192.717,521.467,2,2017,82.611,87,68.222,8.0,3.0610000000000004,7.391,2,Eu
12845,53.15,290.2,176.25,524.15,2,2017,82.611,87,68.222,8.0,3.0610000000000004,7.391,2,Af
12846,53.75,273.25,192.567,524.6669999999999,2,2017,82.611,87,68.222,8.0,3.0610000000000004,7.391,2,NoA
12847,48.783,276.85,195.8,526.633,2,2017,82.611,87,68.222,8.0,3.0610000000000004,7.391,2,Eu
12848,47.15,270.65,205.917,528.217,2,2017,82.611,87,68.222,8.0,3.0610000000000004,7.391,2,Au
12849,48.683,281.483,195.317,530.0830000000001,2,2017,82.611,87,68.222,8.0,3.0610000000000004,7.391,2,Au
12850,53.783,276.467,195.783,530.5,2,2017,82.611,87,68.222,8.0,3.0610000000000004,7.391,2,Eu
12851,53.167,293.16700000000003,180.033,530.783,1,2017,82.611,87,68.222,8.0,3.0610000000000004,7.391,2,Eu
12852,48.8,276.8,202.55,532.6669999999999,2,2017,82.611,87,68.222,8.0,3.0610000000000004,7.391,2,Eu
12853,48.7,293.66700000000003,191.517,537.8330000000001,2,2017,82.611,87,68.222,8.0,3.0610000000000004,7.391,2,Au
12854,48.8,298.317,188.15,539.633,1,2017,82.611,87,68.222,8.0,3.0610000000000004,7.391,2,Eu
12855,53.117,297.85,185.6,541.633,1,2017,82.611,87,68.222,8.0,3.0610000000000004,7.391,2,Au
12856,51.367,280.75,203.967,542.067,2,2017,82.611,87,68.222,8.0,3.0610000000000004,7.391,2,NoA
12857,57.967,293.9,186.317,542.4830000000001,1,2017,82.611,87,68.222,8.0,3.0610000000000004,7.391,2,NoA
12858,57.883,299.83299999999997,181.55,544.6669999999999,1,2017,82.611,87,68.222,8.0,3.0610000000000004,7.391,2,Eu
12859,48.45,260.983,241.95,555.7330000000001,2,2017,82.611,87,68.222,8.0,3.0610000000000004,7.391,2,Eu
12860,57.9,303.45,189.417,556.0,1,2017,82.611,87,68.222,8.0,3.0610000000000004,7.391,2,Eu
12861,57.85,300.517,196.583,559.817,1,2017,82.611,87,68.222,8.0,3.0610000000000004,7.391,2,Au
12862,60.133,304.16700000000003,191.35,560.5169999999999,1,2017,82.611,87,68.222,8.0,3.0610000000000004,7.391,2,NoA
12863,53.033,299.25,204.1,560.967,1,2017,82.611,87,68.222,8.0,3.0610000000000004,7.391,2,Au
12864,54.516999999999996,304.567,196.683,561.133,1,2017,82.611,87,68.222,8.0,3.0610000000000004,7.391,2,NoA
12865,59.067,298.1,201.283,563.183,1,2017,82.611,87,68.222,8.0,3.0610000000000004,7.391,2,Eu
12866,60.167,308.16700000000003,192.85,565.633,1,2017,82.611,87,68.222,8.0,3.0610000000000004,7.391,2,Eu
12867,60.117,307.633,193.167,566.2,1,2017,82.611,87,68.222,8.0,3.0610000000000004,7.391,2,NoA
12868,48.9,275.16700000000003,236.3,567.367,2,2017,82.611,87,68.222,8.0,3.0610000000000004,7.391,2,NoA
12869,55.717,287.033,219.583,567.367,2,2017,82.611,87,68.222,8.0,3.0610000000000004,7.391,2,Au
12870,58.75,307.483,196.85,568.6669999999999,1,2017,82.611,87,68.222,8.0,3.0610000000000004,7.391,2,Au
12871,57.917,302.95,204.283,569.85,1,2017,82.611,87,68.222,8.0,3.0610000000000004,7.391,2,Eu
12872,64.15,305.517,196.833,570.617,1,2017,82.611,87,68.222,8.0,3.0610000000000004,7.391,2,Eu
12873,64.9,302.58299999999997,202.533,574.617,1,2017,82.611,87,68.222,8.0,3.0610000000000004,7.391,2,Eu
12874,52.05,310.783,209.35,577.5169999999999,1,2017,82.611,87,68.222,8.0,3.0610000000000004,7.391,2,NoA
12875,48.75,281.117,243.7,578.5,2,2017,82.611,87,68.222,8.0,3.0610000000000004,7.391,2,SA
12876,56.483000000000004,276.983,240.017,578.85,2,2017,82.611,87,68.222,8.0,3.0610000000000004,7.391,2,NoA
12877,57.933,312.35,205.567,580.7669999999999,1,2017,82.611,87,68.222,8.0,3.0610000000000004,7.391,2,Eu
12878,53.25,307.767,216.233,582.2,1,2017,82.611,87,68.222,8.0,3.0610000000000004,7.391,2,Eu
12879,65.0,317.783,194.833,583.433,1,2017,82.611,87,68.222,8.0,3.0610000000000004,7.391,2,Eu
12880,64.967,319.05,195.95,585.85,1,2017,82.611,87,68.222,8.0,3.0610000000000004,7.391,2,Eu
12881,53.016999999999996,320.8,209.7,588.75,1,2017,82.611,87,68.222,8.0,3.0610000000000004,7.391,2,Eu
12882,60.167,316.983,211.8,593.967,1,2017,82.611,87,68.222,8.0,3.0610000000000004,7.391,2,Eu
12883,60.3,312.467,216.683,594.3330000000001,1,2017,82.611,87,68.222,8.0,3.0610000000000004,7.391,2,Au
12884,48.883,298.883,243.433,596.05,1,2017,82.611,87,68.222,8.0,3.0610000000000004,7.391,2,NoA
12885,60.283,318.517,220.65,604.783,1,2017,82.611,87,68.222,8.0,3.0610000000000004,7.391,2,Eu
12886,52.05,293.367,262.41700000000003,614.567,2,2017,82.611,87,68.222,8.0,3.0610000000000004,7.391,2,Eu
12887,73.833,306.817,233.917,619.05,1,2017,82.611,87,68.222,8.0,3.0610000000000004,7.391,2,Eu
12888,79.817,376.86699999999996,282.65,750.2669999999999,2,2017,82.611,87,68.222,8.0,3.0610000000000004,7.391,2,A
15006,48.033,269.0,165.567,486.5,2,2016,83.238,88,65.429,8.429,0.0,8.429,3,Eu
15007,52.45,263.91700000000003,169.05,490.033,2,2016,83.238,88,65.429,8.429,0.0,8.429,3,Eu
15008,48.95,277.817,159.75,491.233,2,2016,83.238,88,65.429,8.429,0.0,8.429,3,Eu
15009,48.917,268.1,171.75,493.0,2,2016,83.238,88,65.429,8.429,0.0,8.429,3,NoA
15010,48.167,268.117,172.083,493.417,2,2016,83.238,88,65.429,8.429,0.0,8.429,3,Eu
15011,48.2,269.16700000000003,175.017,496.333,2,2016,83.238,88,65.429,8.429,0.0,8.429,3,NoA
15012,54.167,263.067,175.317,496.93300000000005,2,2016,83.238,88,65.429,8.429,0.0,8.429,3,Eu
15013,53.967,272.617,168.733,500.5,2,2016,83.238,88,65.429,8.429,0.0,8.429,3,Eu
15014,48.867,278.217,170.283,501.85,2,2016,83.238,88,65.429,8.429,0.0,8.429,3,Eu
15015,48.817,275.55,173.35,501.983,2,2016,83.238,88,65.429,8.429,0.0,8.429,3,Eu
15016,48.033,275.767,176.933,505.583,2,2016,83.238,88,65.429,8.429,0.0,8.429,3,NoA
15017,54.033,273.133,174.4,505.86699999999996,2,2016,83.238,88,65.429,8.429,0.0,8.429,3,NoA
15018,48.1,285.6,169.933,508.083,2,2016,83.238,88,65.429,8.429,0.0,8.429,3,Eu
15019,48.067,273.55,182.88299999999998,508.333,2,2016,83.238,88,65.429,8.429,0.0,8.429,3,Eu
15020,53.917,275.033,175.783,509.18300000000005,2,2016,83.238,88,65.429,8.429,0.0,8.429,3,Eu
15021,52.5,274.217,177.467,509.667,2,2016,83.238,88,65.429,8.429,0.0,8.429,3,NoA
15022,52.55,271.08299999999997,182.983,512.0830000000001,2,2016,83.238,88,65.429,8.429,0.0,8.429,3,Eu
15023,52.317,273.783,184.3,514.8330000000001,2,2016,83.238,88,65.429,8.429,0.0,8.429,3,Eu
15024,48.95,288.183,173.233,515.45,2,2016,83.238,88,65.429,8.429,0.0,8.429,3,Au
15025,50.766999999999996,288.41700000000003,173.217,516.967,2,2016,83.238,88,65.429,8.429,0.0,8.429,3,Eu
15026,48.983000000000004,277.683,185.033,517.433,2,2016,83.238,88,65.429,8.429,0.0,8.429,3,Eu
15027,54.217,273.367,184.683,518.0,2,2016,83.238,88,65.429,8.429,0.0,8.429,3,Eu
15028,48.083,281.733,185.717,519.967,2,2016,83.238,88,65.429,8.429,0.0,8.429,3,Eu
15029,48.967,278.6,188.267,520.4,2,2016,83.238,88,65.429,8.429,0.0,8.429,3,Au
15030,53.867,279.7,181.433,520.6669999999999,2,2016,83.238,88,65.429,8.429,0.0,8.429,3,Eu
15031,48.867,278.55,190.4,522.05,2,2016,83.238,88,65.429,8.429,0.0,8.429,3,Af
15032,48.933,270.8,198.3,522.4169999999999,2,2016,83.238,88,65.429,8.429,0.0,8.429,3,Eu
15033,50.1,288.66700000000003,180.75,523.617,2,2016,83.238,88,65.429,8.429,0.0,8.429,3,Eu
15034,56.683,266.58299999999997,197.017,524.817,2,2016,83.238,88,65.429,8.429,0.0,8.429,3,NoA
15035,48.1,278.817,194.817,525.75,2,2016,83.238,88,65.429,8.429,0.0,8.429,3,NoA
15036,52.833,292.433,176.85,526.7669999999999,1,2016,83.238,88,65.429,8.429,0.0,8.429,3,Eu
15037,48.817,277.66700000000003,195.317,527.033,2,2016,83.238,88,65.429,8.429,0.0,8.429,3,Eu
15038,54.05,265.85,204.35,529.9,2,2016,83.238,88,65.429,8.429,0.0,8.429,3,Eu
15039,54.117,286.567,188.5,534.2669999999999,2,2016,83.238,88,65.429,8.429,0.0,8.429,3,Eu
15040,57.033,292.33299999999997,181.983,536.133,2,2016,83.238,88,65.429,8.429,0.0,8.429,3,Eu
15041,48.933,267.91700000000003,216.433,537.5830000000001,2,2016,83.238,88,65.429,8.429,0.0,8.429,3,Au
15042,52.5,293.4,195.717,546.5830000000001,2,2016,83.238,88,65.429,8.429,0.0,8.429,3,Au
15043,52.567,275.05,215.217,547.817,2,2016,83.238,88,65.429,8.429,0.0,8.429,3,NoA
15044,53.6,278.66700000000003,212.983,549.5,2,2016,83.238,88,65.429,8.429,0.0,8.429,3,NoA
15045,56.733000000000004,310.9,178.333,550.5,1,2016,83.238,88,65.429,8.429,0.0,8.429,3,Au
15046,58.933,300.517,187.8,551.533,1,2016,83.238,88,65.429,8.429,0.0,8.429,3,NoA
15047,52.85,300.7,196.583,554.433,1,2016,83.238,88,65.429,8.429,0.0,8.429,3,Eu
15048,58.917,308.9,183.267,555.6669999999999,1,2016,83.238,88,65.429,8.429,0.0,8.429,3,Eu
15049,52.367,293.0,207.783,558.717,2,2016,83.238,88,65.429,8.429,0.0,8.429,3,Eu
15050,52.883,309.08299999999997,192.45,559.0830000000001,1,2016,83.238,88,65.429,8.429,0.0,8.429,3,Eu
15051,62.7,307.483,187.067,562.5169999999999,1,2016,83.238,88,65.429,8.429,0.0,8.429,3,NoA
15052,62.067,309.767,186.7,562.9830000000001,1,2016,83.238,88,65.429,8.429,0.0,8.429,3,Eu
15053,48.0,300.783,211.417,564.3,2,2016,83.238,88,65.429,8.429,0.0,8.429,3,Eu
15054,52.433,296.3,211.86700000000002,565.117,2,2016,83.238,88,65.429,8.429,0.0,8.429,3,Eu
15055,54.183,289.967,214.233,565.117,2,2016,83.238,88,65.429,8.429,0.0,8.429,3,Eu
15056,61.95,306.017,192.25,565.95,1,2016,83.238,88,65.429,8.429,0.0,8.429,3,Eu
15057,56.667,310.83299999999997,195.917,568.283,1,2016,83.238,88,65.429,8.429,0.0,8.429,3,Au
15058,52.833,313.08299999999997,200.7,571.25,1,2016,83.238,88,65.429,8.429,0.0,8.429,3,Eu
15059,56.717,311.383,199.767,572.85,1,2016,83.238,88,65.429,8.429,0.0,8.429,3,NoA
15060,61.867,311.83299999999997,194.517,573.85,1,2016,83.238,88,65.429,8.429,0.0,8.429,3,NoA
15061,52.817,307.5,213.7,578.867,1,2016,83.238,88,65.429,8.429,0.0,8.429,3,NoA
15062,58.967,313.9,204.933,582.567,1,2016,83.238,88,65.429,8.429,0.0,8.429,3,Au
15063,65.067,325.83299999999997,186.583,583.183,1,2016,83.238,88,65.429,8.429,0.0,8.429,3,NoA
15064,61.817,315.35,201.417,584.05,1,2016,83.238,88,65.429,8.429,0.0,8.429,3,Au
15065,58.367,322.367,198.467,584.6,1,2016,83.238,88,65.429,8.429,0.0,8.429,3,Eu
15066,61.867,322.4,196.933,586.817,1,2016,83.238,88,65.429,8.429,0.0,8.429,3,Eu
15067,65.15,323.75,193.317,588.3330000000001,1,2016,83.238,88,65.429,8.429,0.0,8.429,3,NoA
15068,65.2,322.2,196.25,588.717,1,2016,83.238,88,65.429,8.429,0.0,8.429,3,Eu
15069,52.783,309.08299999999997,222.933,589.367,1,2016,83.238,88,65.429,8.429,0.0,8.429,3,Eu
15070,52.817,312.9,220.5,591.4169999999999,1,2016,83.238,88,65.429,8.429,0.0,8.429,3,NoA
15071,52.867,329.25,204.283,592.133,1,2016,83.238,88,65.429,8.429,0.0,8.429,3,NoA
15072,59.083,317.767,214.86700000000002,596.5169999999999,1,2016,83.238,88,65.429,8.429,0.0,8.429,3,NoA
15073,65.217,349.5,178.75,598.4169999999999,1,2016,83.238,88,65.429,8.429,0.0,8.429,3,Eu
15074,61.95,320.25,213.15,601.0169999999999,1,2016,83.238,88,65.429,8.429,0.0,8.429,3,Eu
15075,61.983000000000004,329.18300000000005,205.35,603.367,1,2016,83.238,88,65.429,8.429,0.0,8.429,3,Eu
15076,52.783,318.567,229.983,606.7330000000001,1,2016,83.238,88,65.429,8.429,0.0,8.429,3,Eu
15077,64.533,325.33299999999997,213.067,609.25,1,2016,83.238,88,65.429,8.429,0.0,8.429,3,SA
15078,52.917,335.983,219.483,615.867,1,2016,83.238,88,65.429,8.429,0.0,8.429,3,Eu
15079,58.15,341.233,212.05,617.8330000000001,1,2016,83.238,88,65.429,8.429,0.0,8.429,3,Eu
15080,62.8,325.517,225.183,618.7669999999999,1,2016,83.238,88,65.429,8.429,0.0,8.429,3,Eu
15081,65.217,322.41700000000003,224.1,620.0,1,2016,83.238,88,65.429,8.429,0.0,8.429,3,Eu
15082,50.75,313.55,249.717,621.717,2,2016,83.238,88,65.429,8.429,0.0,8.429,3,SA
15083,52.766999999999996,307.75,259.533,625.283,1,2016,83.238,88,65.429,8.429,0.0,8.429,3,NoA
15084,58.967,316.267,254.13299999999998,634.433,1,2016,83.238,88,65.429,8.429,0.0,8.429,3,Eu
17174,51.933,264.08299999999997,164.033,483.93300000000005,2,2011,81.333,85,63.444,7.167000000000002,5.0680000000000005,5.0680000000000005,0,Au
17175,51.633,271.017,162.483,489.18300000000005,2,2011,81.333,85,63.444,7.167000000000002,5.0680000000000005,5.0680000000000005,0,Au
17176,51.967,266.867,167.783,491.11699999999996,2,2011,81.333,85,63.444,7.167000000000002,5.0680000000000005,5.0680000000000005,0,Eu
17177,51.733000000000004,264.283,173.05,492.967,2,2011,81.333,85,63.444,7.167000000000002,5.0680000000000005,5.0680000000000005,0,Eu
17178,53.617,275.117,167.417,500.2,2,2011,81.333,85,63.444,7.167000000000002,5.0680000000000005,5.0680000000000005,0,Eu
17179,52.516999999999996,270.7,174.11700000000002,501.11699999999996,2,2011,81.333,85,63.444,7.167000000000002,5.0680000000000005,5.0680000000000005,0,Eu
17180,52.133,268.633,176.6,502.25,2,2011,81.333,85,63.444,7.167000000000002,5.0680000000000005,5.0680000000000005,0,Af
17181,51.817,265.75,181.717,503.31699999999995,2,2011,81.333,85,63.444,7.167000000000002,5.0680000000000005,5.0680000000000005,0,Eu
17182,51.783,264.25,185.9,505.7,2,2011,81.333,85,63.444,7.167000000000002,5.0680000000000005,5.0680000000000005,0,Au
17183,51.917,269.5,181.667,507.3,2,2011,81.333,85,63.444,7.167000000000002,5.0680000000000005,5.0680000000000005,0,Eu
17184,58.917,266.45,178.9,509.033,2,2011,81.333,85,63.444,7.167000000000002,5.0680000000000005,5.0680000000000005,0,Eu
17185,51.9,270.933,184.067,511.333,2,2011,81.333,85,63.444,7.167000000000002,5.0680000000000005,5.0680000000000005,0,Eu
17186,51.717,276.7,182.917,515.3,2,2011,81.333,85,63.444,7.167000000000002,5.0680000000000005,5.0680000000000005,0,Eu
17187,51.8,271.16700000000003,188.817,515.883,2,2011,81.333,85,63.444,7.167000000000002,5.0680000000000005,5.0680000000000005,0,Eu
17188,55.967,284.817,171.933,517.0,2,2011,81.333,85,63.444,7.167000000000002,5.0680000000000005,5.0680000000000005,0,Eu
17189,57.233000000000004,280.58299999999997,175.467,518.183,2,2011,81.333,85,63.444,7.167000000000002,5.0680000000000005,5.0680000000000005,0,Au
17190,49.733000000000004,277.533,187.317,518.6,2,2011,81.333,85,63.444,7.167000000000002,5.0680000000000005,5.0680000000000005,0,NoA
17191,57.283,276.91700000000003,181.067,519.633,2,2011,81.333,85,63.444,7.167000000000002,5.0680000000000005,5.0680000000000005,0,Eu
17192,66.95,271.65,176.4,519.867,2,2011,81.333,85,63.444,7.167000000000002,5.0680000000000005,5.0680000000000005,0,Eu
17193,51.983000000000004,271.1,192.933,520.6669999999999,2,2011,81.333,85,63.444,7.167000000000002,5.0680000000000005,5.0680000000000005,0,Au
17194,53.766999999999996,287.117,176.333,522.65,2,2011,81.333,85,63.444,7.167000000000002,5.0680000000000005,5.0680000000000005,0,NoA
17195,52.016999999999996,266.467,200.233,523.05,2,2011,81.333,85,63.444,7.167000000000002,5.0680000000000005,5.0680000000000005,0,Eu
17196,66.783,277.683,174.683,523.85,2,2011,81.333,85,63.444,7.167000000000002,5.0680000000000005,5.0680000000000005,0,NoA
17197,53.783,285.733,184.3,528.6669999999999,2,2011,81.333,85,63.444,7.167000000000002,5.0680000000000005,5.0680000000000005,0,NoA
17198,53.833,282.517,188.15,528.7330000000001,2,2011,81.333,85,63.444,7.167000000000002,5.0680000000000005,5.0680000000000005,0,Eu
17199,67.083,277.517,179.15,529.0169999999999,2,2011,81.333,85,63.444,7.167000000000002,5.0680000000000005,5.0680000000000005,0,Eu
17200,51.683,283.683,189.983,530.0,2,2011,81.333,85,63.444,7.167000000000002,5.0680000000000005,5.0680000000000005,0,NoA
17201,61.05,296.883,172.683,535.133,1,2011,81.333,85,63.444,7.167000000000002,5.0680000000000005,5.0680000000000005,0,Eu
17202,57.283,304.267,172.15,537.95,1,2011,81.333,85,63.444,7.167000000000002,5.0680000000000005,5.0680000000000005,0,Au
17203,52.0,293.58299999999997,187.583,538.217,2,2011,81.333,85,63.444,7.167000000000002,5.0680000000000005,5.0680000000000005,0,Eu
17204,53.9,298.683,186.6,543.4830000000001,1,2011,81.333,85,63.444,7.167000000000002,5.0680000000000005,5.0680000000000005,0,Eu
17205,53.933,298.933,189.9,546.95,1,2011,81.333,85,63.444,7.167000000000002,5.0680000000000005,5.0680000000000005,0,Eu
17206,57.25,290.433,195.283,547.533,1,2011,81.333,85,63.444,7.167000000000002,5.0680000000000005,5.0680000000000005,0,Eu
17207,52.067,258.517,234.983,550.433,2,2011,81.333,85,63.444,7.167000000000002,5.0680000000000005,5.0680000000000005,0,NoA
17208,60.933,290.117,196.917,553.7,2,2011,81.333,85,63.444,7.167000000000002,5.0680000000000005,5.0680000000000005,0,Eu
17209,72.317,284.317,193.517,555.0,1,2011,81.333,85,63.444,7.167000000000002,5.0680000000000005,5.0680000000000005,0,Eu
17210,53.6,304.383,191.983,555.133,2,2011,81.333,85,63.444,7.167000000000002,5.0680000000000005,5.0680000000000005,0,Eu
17211,66.95,298.91700000000003,184.767,555.283,1,2011,81.333,85,63.444,7.167000000000002,5.0680000000000005,5.0680000000000005,0,Eu
17212,51.95,279.783,220.317,556.7330000000001,2,2011,81.333,85,63.444,7.167000000000002,5.0680000000000005,5.0680000000000005,0,Eu
17213,58.717,299.16700000000003,195.483,557.933,1,2011,81.333,85,63.444,7.167000000000002,5.0680000000000005,5.0680000000000005,0,NoA
17214,58.783,320.95,173.833,558.183,1,2011,81.333,85,63.444,7.167000000000002,5.0680000000000005,5.0680000000000005,0,NoA
17215,64.833,310.767,178.36700000000002,558.433,2,2011,81.333,85,63.444,7.167000000000002,5.0680000000000005,5.0680000000000005,0,Eu
17216,58.733000000000004,303.5,192.833,559.867,1,2011,81.333,85,63.444,7.167000000000002,5.0680000000000005,5.0680000000000005,0,Eu
17217,61.033,301.733,193.3,562.117,1,2011,81.333,85,63.444,7.167000000000002,5.0680000000000005,5.0680000000000005,0,Eu
17218,53.867,314.933,192.86700000000002,566.7,2,2011,81.333,85,63.444,7.167000000000002,5.0680000000000005,5.0680000000000005,0,A
17219,64.883,300.05,199.15,568.35,1,2011,81.333,85,63.444,7.167000000000002,5.0680000000000005,5.0680000000000005,0,Eu
17220,55.817,324.483,183.55,569.133,1,2011,81.333,85,63.444,7.167000000000002,5.0680000000000005,5.0680000000000005,0,NoA
17221,67.067,300.467,196.733,571.35,1,2011,81.333,85,63.444,7.167000000000002,5.0680000000000005,5.0680000000000005,0,Eu
17222,55.9,319.233,193.8,574.1,1,2011,81.333,85,63.444,7.167000000000002,5.0680000000000005,5.0680000000000005,0,NoA
17223,61.083,307.317,200.967,574.7669999999999,2,2011,81.333,85,63.444,7.167000000000002,5.0680000000000005,5.0680000000000005,0,NoA
17224,64.833,308.75,201.017,579.0169999999999,1,2011,81.333,85,63.444,7.167000000000002,5.0680000000000005,5.0680000000000005,0,NoA
17225,58.733000000000004,304.15,211.63299999999998,583.4169999999999,1,2011,81.333,85,63.444,7.167000000000002,5.0680000000000005,5.0680000000000005,0,Au
17226,51.9,320.25,212.783,590.183,1,2011,81.333,85,63.444,7.167000000000002,5.0680000000000005,5.0680000000000005,0,NoA
17227,61.1,320.2,216.05,602.55,1,2011,81.333,85,63.444,7.167000000000002,5.0680000000000005,5.0680000000000005,0,Au
17228,66.917,324.267,207.25,604.25,1,2011,81.333,85,63.444,7.167000000000002,5.0680000000000005,5.0680000000000005,0,NoA
17229,72.85,326.5,213.417,619.15,1,2011,81.333,85,63.444,7.167000000000002,5.0680000000000005,5.0680000000000005,0,NoA
17230,61.133,350.283,204.25,621.033,1,2011,81.333,85,63.444,7.167000000000002,5.0680000000000005,5.0680000000000005,0,NoA
17231,72.3,344.2,210.167,631.1669999999999,1,2011,81.333,85,63.444,7.167000000000002,5.0680000000000005,5.0680000000000005,0,Eu
17232,76.55,324.533,228.233,635.967,1,2011,81.333,85,63.444,7.167000000000002,5.0680000000000005,5.0680000000000005,0,Eu
17233,57.3,342.7,231.417,636.55,1,2011,81.333,85,63.444,7.167000000000002,5.0680000000000005,5.0680000000000005,0,A
17234,76.8,341.86699999999996,215.88299999999998,638.817,1,2011,81.333,85,63.444,7.167000000000002,5.0680000000000005,5.0680000000000005,0,NoA
18912,50.617,256.067,161.517,472.65,2,2018,79.913,83,79.0,5.957000000000002,5.957000000000001,0.0,0,Eu
18913,54.117,252.417,165.683,476.68300000000005,2,2018,79.913,83,79.0,5.957000000000002,5.957000000000001,0.0,0,Eu
18914,49.516999999999996,261.3,166.05,481.15,2,2018,79.913,83,79.0,5.957000000000002,5.957000000000001,0.0,0,Eu
18915,47.75,258.75,172.55,483.283,2,2018,79.913,83,79.0,5.957000000000002,5.957000000000001,0.0,0,NoA
18916,49.467,257.283,173.63299999999998,484.68300000000005,2,2018,79.913,83,79.0,5.957000000000002,5.957000000000001,0.0,0,Au
18917,54.033,252.967,172.933,484.75,2,2018,79.913,83,79.0,5.957000000000002,5.957000000000001,0.0,0,NoA
18918,50.883,255.683,174.25,485.9,2,2018,79.913,83,79.0,5.957000000000002,5.957000000000001,0.0,0,Eu
18919,49.55,258.85,176.45,489.56699999999995,2,2018,79.913,83,79.0,5.957000000000002,5.957000000000001,0.0,0,NoA
18920,50.85,249.1,186.3,490.533,2,2018,79.913,83,79.0,5.957000000000002,5.957000000000001,0.0,0,Au
18921,54.233000000000004,251.45,180.033,491.06699999999995,2,2018,79.913,83,79.0,5.957000000000002,5.957000000000001,0.0,0,Eu
18922,47.766999999999996,259.733,179.4,491.68300000000005,2,2018,79.913,83,79.0,5.957000000000002,5.957000000000001,0.0,0,Eu
18923,50.65,267.783,170.6,493.783,2,2018,79.913,83,79.0,5.957000000000002,5.957000000000001,0.0,0,Au
18924,50.933,255.283,182.833,494.033,2,2018,79.913,83,79.0,5.957000000000002,5.957000000000001,0.0,0,Eu
18925,50.8,259.8,178.067,494.517,2,2018,79.913,83,79.0,5.957000000000002,5.957000000000001,0.0,0,Eu
18926,50.65,259.967,180.283,495.967,2,2018,79.913,83,79.0,5.957000000000002,5.957000000000001,0.0,0,Eu
18927,50.75,265.067,177.583,497.9,2,2018,79.913,83,79.0,5.957000000000002,5.957000000000001,0.0,0,Au
18928,50.683,261.033,182.0,498.3,2,2018,79.913,83,79.0,5.957000000000002,5.957000000000001,0.0,0,Af
18929,50.75,259.933,183.783,499.217,2,2018,79.913,83,79.0,5.957000000000002,5.957000000000001,0.0,0,Au
18930,47.717,259.017,188.7,499.667,2,2018,79.913,83,79.0,5.957000000000002,5.957000000000001,0.0,0,Eu
18931,47.85,258.633,190.11700000000002,501.86699999999996,2,2018,79.913,83,79.0,5.957000000000002,5.957000000000001,0.0,0,Eu
18932,54.033,252.45,191.467,503.55,2,2018,79.913,83,79.0,5.957000000000002,5.957000000000001,0.0,0,Eu
18933,54.266999999999996,268.933,175.567,505.5,2,2018,79.913,83,79.0,5.957000000000002,5.957000000000001,0.0,0,Au
18934,50.733000000000004,260.283,190.233,506.017,2,2018,79.913,83,79.0,5.957000000000002,5.957000000000001,0.0,0,Af
18935,57.45,266.117,177.083,506.3,1,2018,79.913,83,79.0,5.957000000000002,5.957000000000001,0.0,0,Eu
18936,50.533,270.817,181.35,507.05,2,2018,79.913,83,79.0,5.957000000000002,5.957000000000001,0.0,0,Eu
18937,48.35,272.433,182.65,507.86699999999996,2,2018,79.913,83,79.0,5.957000000000002,5.957000000000001,0.0,0,Eu
18938,47.683,277.967,179.05,509.93300000000005,2,2018,79.913,83,79.0,5.957000000000002,5.957000000000001,0.0,0,Eu
18939,50.766999999999996,267.433,187.483,510.533,2,2018,79.913,83,79.0,5.957000000000002,5.957000000000001,0.0,0,Au
18940,53.983000000000004,256.967,195.433,510.56699999999995,2,2018,79.913,83,79.0,5.957000000000002,5.957000000000001,0.0,0,NoA
18941,50.7,271.433,183.967,510.63300000000004,2,2018,79.913,83,79.0,5.957000000000002,5.957000000000001,0.0,0,NoA
18942,47.9,258.55,202.8,514.35,2,2018,79.913,83,79.0,5.957000000000002,5.957000000000001,0.0,0,SA
18943,47.817,258.883,204.717,516.067,2,2018,79.913,83,79.0,5.957000000000002,5.957000000000001,0.0,0,Eu
18944,48.233000000000004,278.16700000000003,185.833,516.567,1,2018,79.913,83,79.0,5.957000000000002,5.957000000000001,0.0,0,Eu
18945,50.5,266.8,196.95,518.8,2,2018,79.913,83,79.0,5.957000000000002,5.957000000000001,0.0,0,Eu
18946,54.433,269.183,190.567,519.967,2,2018,79.913,83,79.0,5.957000000000002,5.957000000000001,0.0,0,NoA
18947,54.183,280.85,180.267,520.133,2,2018,79.913,83,79.0,5.957000000000002,5.957000000000001,0.0,0,Eu
18948,54.35,287.75,175.333,521.967,1,2018,79.913,83,79.0,5.957000000000002,5.957000000000001,0.0,0,Eu
18949,52.1,289.317,177.63299999999998,523.717,1,2018,79.913,83,79.0,5.957000000000002,5.957000000000001,0.0,0,NoA
18950,50.717,263.383,204.85,524.2,2,2018,79.913,83,79.0,5.957000000000002,5.957000000000001,0.0,0,Eu
18951,50.567,259.183,209.917,525.283,2,2018,79.913,83,79.0,5.957000000000002,5.957000000000001,0.0,0,Eu
18952,50.633,267.3,204.267,528.133,2,2018,79.913,83,79.0,5.957000000000002,5.957000000000001,0.0,0,Eu
18953,54.067,274.783,194.733,530.2669999999999,2,2018,79.913,83,79.0,5.957000000000002,5.957000000000001,0.0,0,Af
18954,58.3,286.08299999999997,181.683,530.75,1,2018,79.913,83,79.0,5.957000000000002,5.957000000000001,0.0,0,Au
18955,52.45,277.283,196.45,530.9,2,2018,79.913,83,79.0,5.957000000000002,5.957000000000001,0.0,0,Au
18956,54.317,283.15,190.483,532.5,1,2018,79.913,83,79.0,5.957000000000002,5.957000000000001,0.0,0,Au
18957,49.567,252.3,224.8,532.683,2,2018,79.913,83,79.0,5.957000000000002,5.957000000000001,0.0,0,NoA
18958,50.533,296.883,179.25,532.933,2,2018,79.913,83,79.0,5.957000000000002,5.957000000000001,0.0,0,SA
18959,50.65,262.35,215.267,533.05,2,2018,79.913,83,79.0,5.957000000000002,5.957000000000001,0.0,0,Eu
18960,58.383,284.517,186.067,534.467,1,2018,79.913,83,79.0,5.957000000000002,5.957000000000001,0.0,0,Eu
18961,58.467,282.41700000000003,191.183,537.6,1,2018,79.913,83,79.0,5.957000000000002,5.957000000000001,0.0,0,NoA
18962,58.733000000000004,278.267,196.433,537.9169999999999,1,2018,79.913,83,79.0,5.957000000000002,5.957000000000001,0.0,0,Eu
18963,58.4,288.483,187.25,538.967,1,2018,79.913,83,79.0,5.957000000000002,5.957000000000001,0.0,0,NoA
18964,65.067,292.017,179.433,541.95,1,2018,79.913,83,79.0,5.957000000000002,5.957000000000001,0.0,0,NoA
18965,47.967,290.767,199.533,543.433,2,2018,79.913,83,79.0,5.957000000000002,5.957000000000001,0.0,0,NoA
18966,52.15,293.533,195.283,546.3330000000001,1,2018,79.913,83,79.0,5.957000000000002,5.957000000000001,0.0,0,Au
18967,50.95,272.133,217.75,546.4169999999999,2,2018,79.913,83,79.0,5.957000000000002,5.957000000000001,0.0,0,Au
18968,58.567,283.83299999999997,198.667,546.5830000000001,1,2018,79.913,83,79.0,5.957000000000002,5.957000000000001,0.0,0,Eu
18969,58.3,284.75,201.933,549.2669999999999,1,2018,79.913,83,79.0,5.957000000000002,5.957000000000001,0.0,0,NoA
18970,58.433,299.9,186.983,550.383,1,2018,79.913,83,79.0,5.957000000000002,5.957000000000001,0.0,0,Eu
18971,52.033,294.08299999999997,201.0,551.867,1,2018,79.913,83,79.0,5.957000000000002,5.957000000000001,0.0,0,Eu
18972,58.65,294.683,194.2,552.15,1,2018,79.913,83,79.0,5.957000000000002,5.957000000000001,0.0,0,Eu
18973,52.0,292.4,202.217,552.883,1,2018,79.913,83,79.0,5.957000000000002,5.957000000000001,0.0,0,Au
18974,64.767,290.95,195.517,556.5169999999999,1,2018,79.913,83,79.0,5.957000000000002,5.957000000000001,0.0,0,Eu
18975,65.75,298.35,186.567,556.6,1,2018,79.913,83,79.0,5.957000000000002,5.957000000000001,0.0,0,NoA
18976,58.483000000000004,289.367,204.45,557.383,1,2018,79.913,83,79.0,5.957000000000002,5.957000000000001,0.0,0,Eu
18977,64.117,304.16700000000003,184.8,558.15,1,2018,79.913,83,79.0,5.957000000000002,5.957000000000001,0.0,0,NoA
18978,74.033,285.467,200.25,565.033,1,2018,79.913,83,79.0,5.957000000000002,5.957000000000001,0.0,0,Au
18979,65.05,308.683,187.267,566.317,1,2018,79.913,83,79.0,5.957000000000002,5.957000000000001,0.0,0,Eu
18980,58.783,291.617,211.983,567.1,1,2018,79.913,83,79.0,5.957000000000002,5.957000000000001,0.0,0,NoA
18981,58.317,290.65,214.083,567.95,1,2018,79.913,83,79.0,5.957000000000002,5.957000000000001,0.0,0,Eu
18982,54.3,296.733,211.933,567.95,1,2018,79.913,83,79.0,5.957000000000002,5.957000000000001,0.0,0,Eu
18983,54.083,288.25,226.517,574.15,1,2018,79.913,83,79.0,5.957000000000002,5.957000000000001,0.0,0,NoA
18984,58.55,284.983,238.417,586.8330000000001,1,2018,79.913,83,79.0,5.957000000000002,5.957000000000001,0.0,0,Eu
18985,54.2,293.017,236.483,589.133,1,2018,79.913,83,79.0,5.957000000000002,5.957000000000001,0.0,0,NoA
18986,58.467,291.617,239.2,594.4169999999999,1,2018,79.913,83,79.0,5.957000000000002,5.957000000000001,0.0,0,Eu
18987,54.667,320.25,273.933,655.45,1,2018,79.913,83,79.0,5.957000000000002,5.957000000000001,0.0,0,Eu
